"Station Name","MONTREAL/MIRABEL INT'L A"
"Province","QUEBEC"
"Latitude","45.67"
"Longitude","-74.03"
"Elevation","82.60"
"Climate Identifier","7035290"
"WMO Identifier",""
"TC Identifier","YMX"
"All times are specified in Local Standard Time (LST). Add 1 hour to adjust for Daylight Saving Time where and when it is observed."

"Legend"
"E","Estimated"
"M","Missing"
"NA","Not Available"

"Date/Time","Year","Month","Day","Time","Temp (°C)","Temp Flag","Dew Point Temp (°C)","Dew Point Temp Flag","Rel Hum (%)","Rel Hum Flag","Wind Dir (10s deg)","Wind Dir Flag","Wind Spd (km/h)","Wind Spd Flag","Visibility (km)","Visibility Flag","Stn Press (kPa)","Stn Press Flag","Hmdx","Hmdx Flag","Wind Chill","Wind Chill Flag","Weather"
"2012-03-01 00:00","2012","03","01","00:00","-7.4","","-10.9","","76","","6","","28","","4.8","","100.42","","","","-16","","Snow"
"2012-03-01 01:00","2012","03","01","01:00","-7.6","","-10.8","","78","","6","","24","","16.1","","100.34","","","","-16","","Snow"
"2012-03-01 02:00","2012","03","01","02:00","-7.6","","-10.0","","83","","5","","19","","8.0","","100.25","","","","-15","","Snow"
"2012-03-01 03:00","2012","03","01","03:00","-7.5","","-9.4","","86","","6","","26","","4.8","","100.18","","","","-16","","Snow"
"2012-03-01 04:00","2012","03","01","04:00","-7.6","","-9.2","","88","","5","","24","","3.2","","100.09","","","","-16","","Snow"
"2012-03-01 05:00","2012","03","01","05:00","-7.6","","-9.2","","88","","5","","28","","2.4","","100.05","","","","-16","","Snow"
"2012-03-01 06:00","2012","03","01","06:00","-7.5","","-9.0","","89","","6","","24","","2.4","","100.05","","","","-15","","Snow"
"2012-03-01 07:00","2012","03","01","07:00","-7.6","","-9.2","","88","","6","","28","","2.4","","100.06","","","","-16","","Snow"
"2012-03-01 08:00","2012","03","01","08:00","-7.9","","-9.5","","88","","5","","24","","2.4","","100.07","","","","-16","","Snow"
"2012-03-01 09:00","2012","03","01","09:00","-7.7","","-9.5","","87","","6","","24","","2.4","","100.10","","","","-16","","Snow"
"2012-03-01 10:00","2012","03","01","10:00","-7.6","","-9.4","","87","","5","","26","","1.6","","100.11","","","","-16","","Snow"
"2012-03-01 11:00","2012","03","01","11:00","-7.4","","-9.4","","86","","5","","26","","2.0","","100.13","","","","-16","","Snow"
"2012-03-01 12:00","2012","03","01","12:00","-7.3","","-9.3","","86","","5","","20","","2.4","","100.15","","","","-14","","Snow"
"2012-03-01 13:00","2012","03","01","13:00","-7.1","","-9.3","","84","","6","","24","","2.4","","100.14","","","","-15","","Snow"
"2012-03-01 14:00","2012","03","01","14:00","-7.1","","-9.2","","85","","5","","24","","2.4","","100.16","","","","-15","","Snow"
"2012-03-01 15:00","2012","03","01","15:00","-6.9","","-9.2","","84","","5","","22","","4.0","","100.19","","","","-14","","Snow"
"2012-03-01 16:00","2012","03","01","16:00","-6.8","","-8.9","","85","","5","","20","","4.8","","100.23","","","","-14","","Snow"
"2012-03-01 17:00","2012","03","01","17:00","-6.7","","-8.6","","86","","5","","19","","4.0","","100.30","","","","-14","","Snow"
"2012-03-01 18:00","2012","03","01","18:00","-6.8","","-8.4","","88","","5","","19","","3.2","","100.36","","","","-14","","Snow"
"2012-03-01 19:00","2012","03","01","19:00","-6.7","","-8.2","","89","","5","","24","","3.2","","100.41","","","","-14","","Snow"
"2012-03-01 20:00","2012","03","01","20:00","-6.7","","-8.2","","89","","5","","20","","3.2","","100.40","","","","-14","","Snow"
"2012-03-01 21:00","2012","03","01","21:00","-6.9","","-8.6","","88","","5","","19","","4.0","","100.48","","","","-14","","Snow"
"2012-03-01 22:00","2012","03","01","22:00","-7.1","","-8.8","","88","","5","","15","","6.4","","100.50","","","","-13","","Snow"
"2012-03-01 23:00","2012","03","01","23:00","-7.0","","-9.1","","85","","5","","22","","24.1","","100.55","","","","-14","","Snow"
"2012-03-02 00:00","2012","03","02","00:00","-7.4","","-9.3","","86","","5","","17","","24.1","","100.54","","","","-14","","Snow"
"2012-03-02 01:00","2012","03","02","01:00","-7.5","","-9.4","","86","","5","","19","","6.4","","100.58","","","","-15","","Snow"
"2012-03-02 02:00","2012","03","02","02:00","-7.5","","-9.4","","86","","5","","15","","16.1","","100.61","","","","-14","","Snow"
"2012-03-02 03:00","2012","03","02","03:00","-7.7","","-9.3","","88","","4","","15","","16.1","","100.63","","","","-14","","Snow"
"2012-03-02 04:00","2012","03","02","04:00","-7.7","","-9.3","","88","","4","","11","","4.8","","100.63","","","","-13","","Snow"
"2012-03-02 05:00","2012","03","02","05:00","-7.8","","-9.5","","88","","5","","13","","4.8","","100.65","","","","-14","","Snow"
"2012-03-02 06:00","2012","03","02","06:00","-7.8","","-9.7","","86","","4","","11","","16.1","","100.65","","","","-13","","Snow"
"2012-03-02 07:00","2012","03","02","07:00","-7.8","","-9.9","","85","","4","","15","","16.1","","100.67","","","","-14","","Snow"
"2012-03-02 08:00","2012","03","02","08:00","-7.5","","-9.7","","84","","4","","7","","16.1","","100.69","","","","-11","","Snow"
"2012-03-02 09:00","2012","03","02","09:00","-7.1","","-9.5","","83","","4","","11","","16.1","","100.69","","","","-12","","Snow"
"2012-03-02 10:00","2012","03","02","10:00","-6.5","","-9.1","","82","","4","","7","","16.1","","100.69","","","","-10","","Snow"
"2012-03-02 11:00","2012","03","02","11:00","-6.0","","-8.6","","82","","5","","11","","16.1","","100.68","","","","-11","","Snow"
"2012-03-02 12:00","2012","03","02","12:00","-5.8","","-7.3","","89","","6","","13","","4.8","","100.66","","","","-11","","Freezing Drizzle,Fog"
"2012-03-02 13:00","2012","03","02","13:00","-5.6","","-6.8","","91","","4","","9","","4.0","","100.58","","","","-10","","Freezing Drizzle,Fog"
"2012-03-02 14:00","2012","03","02","14:00","-5.4","","-6.5","","92","","6","","13","","4.8","","100.54","","","","-11","","Freezing Drizzle,Fog"
"2012-03-02 15:00","2012","03","02","15:00","-5.1","","-6.3","","91","","5","","15","","8.0","","100.47","","","","-11","","Snow,Fog"
"2012-03-02 16:00","2012","03","02","16:00","-4.9","","-6.0","","92","","5","","9","","8.0","","100.45","","","","-9","","Snow,Fog"
"2012-03-02 17:00","2012","03","02","17:00","-4.9","","-6.0","","92","","4","","9","","6.4","","100.38","","","","-9","","Snow,Fog"
"2012-03-02 18:00","2012","03","02","18:00","-4.9","","-5.9","","93","","4","","9","","6.4","","100.31","","","","-9","","Snow,Fog"
"2012-03-02 19:00","2012","03","02","19:00","-4.6","","-5.5","","93","","5","","9","","3.2","","100.27","","","","-8","","Snow,Fog"
"2012-03-02 20:00","2012","03","02","20:00","-4.2","","-4.9","","95","","7","","11","","4.8","","100.23","","","","-9","","Snow,Fog"
"2012-03-02 21:00","2012","03","02","21:00","-3.9","","-4.7","","94","","5","","13","","6.4","","100.09","","","","-9","","Fog"
"2012-03-02 22:00","2012","03","02","22:00","-3.8","","-4.8","","93","","4","","13","","8.0","","100.01","","","","-9","","Fog"
"2012-03-02 23:00","2012","03","02","23:00","-3.7","","-4.9","","91","","6","","19","","9.7","","99.76","","","","-10","","Fog"
"2012-03-03 00:00","2012","03","03","00:00","-3.5","","-4.7","","91","","5","","15","","12.9","","99.64","","","","-9","","Cloudy"
"2012-03-03 01:00","2012","03","03","01:00","-3.1","","-4.5","","90","","4","","17","","16.1","","99.45","","","","-9","","Cloudy"
"2012-03-03 02:00","2012","03","03","02:00","-2.7","","-4.0","","91","","7","","19","","3.2","","99.24","","","","-8","","Snow"
"2012-03-03 03:00","2012","03","03","03:00","-2.7","","-3.5","","94","","6","","15","","2.4","","99.03","","","","-8","","Snow"
"2012-03-03 04:00","2012","03","03","04:00","-2.1","","-2.7","","96","","7","","17","","3.2","","98.86","","","","-7","","Snow"
"2012-03-03 05:00","2012","03","03","05:00","-0.8","","-1.5","","95","","8","","19","","24.1","","98.66","","","","-6","","Cloudy"
"2012-03-03 06:00","2012","03","03","06:00","0.7","","-0.9","","89","","11","","19","","24.1","","98.53","","","","","","Cloudy"
"2012-03-03 07:00","2012","03","03","07:00","1.4","","-0.7","","86","","11","","20","","72.4","","98.31","","","","","","Cloudy"
"2012-03-03 08:00","2012","03","03","08:00","1.9","","-0.4","","85","","14","","22","","72.4","","98.21","","","","","","Cloudy"
"2012-03-03 09:00","2012","03","03","09:00","1.8","","-0.4","","85","","20","","22","","9.7","","98.29","","","","","","Rain Showers,Snow Showers,Fog"
"2012-03-03 10:00","2012","03","03","10:00","2.8","","1.2","","89","","23","","13","","16.1","","98.22","","","","","","Rain Showers"
"2012-03-03 11:00","2012","03","03","11:00","4.1","","0.2","","76","","21","","20","","40.2","","98.18","","","","","","Mostly Cloudy"
"2012-03-03 12:00","2012","03","03","12:00","5.1","","-3.2","","55","","22","","37","","72.4","","98.14","","","","","","Cloudy"
"2012-03-03 13:00","2012","03","03","13:00","5.6","","-2.8","","55","","22","","35","","72.4","","98.06","","","","","","Mostly Cloudy"
"2012-03-03 14:00","2012","03","03","14:00","5.4","","-3.0","","55","","22","","52","","72.4","","98.02","","","","","","Cloudy"
"2012-03-03 15:00","2012","03","03","15:00","5.1","","-4.3","","51","","22","","54","","72.4","","97.98","","","","","","Mostly Cloudy"
"2012-03-03 16:00","2012","03","03","16:00","4.4","","-3.6","","56","","22","","32","","72.4","","97.98","","","","","","Mostly Cloudy"
"2012-03-03 17:00","2012","03","03","17:00","3.6","","-3.1","","62","","22","","37","","72.4","","97.99","","","","","","Mostly Cloudy"
"2012-03-03 18:00","2012","03","03","18:00","3.1","","-2.8","","65","","23","","39","","40.2","","98.09","","","","","","Cloudy"
"2012-03-03 19:00","2012","03","03","19:00","2.6","","-2.3","","70","","22","","39","","40.2","","98.21","","","","","","Cloudy"
"2012-03-03 20:00","2012","03","03","20:00","2.6","","-2.4","","70","","22","","30","","40.2","","98.25","","","","","","Cloudy"
"2012-03-03 21:00","2012","03","03","21:00","0.0","","-0.9","","94","","28","","30","","1.6","","98.35","","","","-6","","Snow Showers,Blowing Snow"
"2012-03-03 22:00","2012","03","03","22:00","0.5","","-1.1","","89","","26","","20","","8.0","","98.45","","","","","","Snow Showers"
"2012-03-03 23:00","2012","03","03","23:00","-0.3","","-3.7","","78","","26","","28","","16.1","","98.61","","","","-7","","Snow Showers"
"2012-03-04 00:00","2012","03","04","00:00","-1.0","","-4.5","","77","","26","","22","","40.2","","98.77","","","","-7","","Cloudy"
"2012-03-04 01:00","2012","03","04","01:00","-2.3","","-6.9","","71","","27","","22","","40.2","","98.85","","","","-8","","Mostly Cloudy"
"2012-03-04 02:00","2012","03","04","02:00","-2.8","","-7.4","","71","","28","","7","","40.2","","99.00","","","","-6","","Mostly Cloudy"
"2012-03-04 03:00","2012","03","04","03:00","-4.1","","-9.2","","68","","28","","11","","40.2","","99.06","","","","-9","","Mostly Cloudy"
"2012-03-04 04:00","2012","03","04","04:00","-5.5","","-11.7","","62","","29","","15","","40.2","","99.18","","","","-11","","Cloudy"
"2012-03-04 05:00","2012","03","04","05:00","-6.2","","-11.4","","67","","28","","11","","40.2","","99.18","","","","-11","","Mostly Cloudy"
"2012-03-04 06:00","2012","03","04","06:00","-7.2","","-12.6","","65","","29","","7","","40.2","","99.27","","","","-11","","Mainly Clear"
"2012-03-04 07:00","2012","03","04","07:00","-8.6","","-13.6","","67","","28","","6","","40.2","","99.35","","","","-12","","Mainly Clear"
"2012-03-04 08:00","2012","03","04","08:00","-8.2","","-14.3","","61","","30","","7","","40.2","","99.41","","","","-12","","Mainly Clear"
"2012-03-04 09:00","2012","03","04","09:00","-8.2","","-14.5","","60","","22","","13","","40.2","","99.42","","","","-14","","Mostly Cloudy"
"2012-03-04 10:00","2012","03","04","10:00","-7.7","","-14.8","","57","","23","","13","","40.2","","99.41","","","","-13","","Mainly Clear"
"2012-03-04 11:00","2012","03","04","11:00","-7.5","","-14.8","","56","","24","","15","","40.2","","99.40","","","","-14","","Mostly Cloudy"
"2012-03-04 12:00","2012","03","04","12:00","-6.9","","-14.6","","54","","25","","13","","72.4","","99.40","","","","-12","","Mostly Cloudy"
"2012-03-04 13:00","2012","03","04","13:00","-6.9","","-14.9","","53","","24","","17","","72.4","","99.32","","","","-13","","Mainly Clear"
"2012-03-04 14:00","2012","03","04","14:00","-6.4","","-14.6","","52","","24","","19","","72.4","","99.30","","","","-13","","Mainly Clear"
"2012-03-04 15:00","2012","03","04","15:00","-6.5","","-14.7","","52","","23","","20","","72.4","","99.33","","","","-13","","Mainly Clear"
"2012-03-04 16:00","2012","03","04","16:00","-6.9","","-14.6","","54","","25","","17","","72.4","","99.35","","","","-13","","Mainly Clear"
"2012-03-04 17:00","2012","03","04","17:00","-7.7","","-15.6","","53","","26","","13","","72.4","","99.39","","","","-13","","Mainly Clear"
"2012-03-04 18:00","2012","03","04","18:00","-8.2","","-15.0","","58","","27","","15","","40.2","","99.47","","","","-15","","Mostly Cloudy"
"2012-03-04 19:00","2012","03","04","19:00","-9.0","","-14.8","","63","","26","","15","","40.2","","99.53","","","","-16","","Cloudy"
"2012-03-04 20:00","2012","03","04","20:00","-9.3","","-13.2","","73","","30","","9","","12.9","","99.57","","","","-14","","Snow Showers"
"2012-03-04 21:00","2012","03","04","21:00","-10.6","","-15.4","","68","","29","","9","","40.2","","99.64","","","","-16","","Mostly Cloudy"
"2012-03-04 22:00","2012","03","04","22:00","-11.9","","-17.1","","65","","29","","9","","40.2","","99.65","","","","-17","","Mostly Cloudy"
"2012-03-04 23:00","2012","03","04","23:00","-13.5","","-17.9","","69","","27","","9","","40.2","","99.69","","","","-19","","Mainly Clear"
"2012-03-05 00:00","2012","03","05","00:00","-14.4","","-18.7","","70","","26","","9","","40.2","","99.70","","","","-20","","Clear"
"2012-03-05 01:00","2012","03","05","01:00","-15.2","","-19.4","","70","","25","","9","","40.2","","99.76","","","","-21","","Clear"
"2012-03-05 02:00","2012","03","05","02:00","-16.2","","-20.1","","72","","24","","11","","40.2","","99.84","","","","-23","","Clear"
"2012-03-05 03:00","2012","03","05","03:00","-16.9","","-20.8","","72","","25","","13","","40.2","","99.87","","","","-25","","Clear"
"2012-03-05 04:00","2012","03","05","04:00","-17.3","","-21.3","","71","","25","","13","","40.2","","99.97","","","","-25","","Clear"
"2012-03-05 05:00","2012","03","05","05:00","-17.7","","-21.6","","72","","24","","13","","40.2","","100.09","","","","-26","","Clear"
"2012-03-05 06:00","2012","03","05","06:00","-17.8","","-21.8","","71","","25","","13","","40.2","","100.18","","","","-26","","Mostly Cloudy"
"2012-03-05 07:00","2012","03","05","07:00","-17.9","","-22.1","","70","","25","","11","","40.2","","100.27","","","","-25","","Mostly Cloudy"
"2012-03-05 08:00","2012","03","05","08:00","-17.2","","-22.1","","66","","25","","13","","40.2","","100.41","","","","-25","","Mostly Cloudy"
"2012-03-05 09:00","2012","03","05","09:00","-15.6","","-21.7","","59","","24","","15","","40.2","","100.52","","","","-24","","Mostly Cloudy"
"2012-03-05 10:00","2012","03","05","10:00","-14.5","","-21.0","","58","","23","","17","","40.2","","100.60","","","","-23","","Mostly Cloudy"
"2012-03-05 11:00","2012","03","05","11:00","-13.1","","-20.0","","56","","25","","15","","40.2","","100.69","","","","-21","","Mostly Cloudy"
"2012-03-05 12:00","2012","03","05","12:00","-12.9","","-19.9","","56","","24","","24","","40.2","","100.75","","","","-22","","Mostly Cloudy"
"2012-03-05 13:00","2012","03","05","13:00","-11.8","","-19.1","","55","","23","","19","","40.2","","100.83","","","","-20","","Mostly Cloudy"
"2012-03-05 14:00","2012","03","05","14:00","-10.9","","-18.7","","53","","23","","22","","40.2","","100.92","","","","-19","","Mostly Cloudy"
"2012-03-05 15:00","2012","03","05","15:00","-10.3","","-18.5","","51","","24","","20","","40.2","","101.03","","","","-18","","Mostly Cloudy"
"2012-03-05 16:00","2012","03","05","16:00","-10.1","","-17.6","","54","","24","","17","","40.2","","101.11","","","","-17","","Mostly Cloudy"
"2012-03-05 17:00","2012","03","05","17:00","-10.6","","-17.8","","55","","24","","17","","40.2","","101.21","","","","-18","","Mostly Cloudy"
"2012-03-05 18:00","2012","03","05","18:00","-11.1","","-17.9","","57","","23","","17","","40.2","","101.32","","","","-19","","Mainly Clear"
"2012-03-05 19:00","2012","03","05","19:00","-11.6","","-18.2","","58","","24","","13","","40.2","","101.41","","","","-18","","Mainly Clear"
"2012-03-05 20:00","2012","03","05","20:00","-12.1","","-18.9","","57","","25","","11","","40.2","","101.53","","","","-18","","Mainly Clear"
"2012-03-05 21:00","2012","03","05","21:00","-12.7","","-19.1","","59","","24","","9","","40.2","","101.63","","","","-18","","Clear"
"2012-03-05 22:00","2012","03","05","22:00","-13.6","","-19.6","","61","","25","","7","","40.2","","101.72","","","","-18","","Clear"
"2012-03-05 23:00","2012","03","05","23:00","-14.6","","-19.6","","66","","26","","9","","40.2","","101.78","","","","-20","","Clear"
"2012-03-06 00:00","2012","03","06","00:00","-15.2","","-20.1","","66","","27","","9","","40.2","","101.86","","","","-21","","Clear"
"2012-03-06 01:00","2012","03","06","01:00","-17.5","","-21.3","","72","","27","","13","","40.2","","101.95","","","","-25","","Clear"
"2012-03-06 02:00","2012","03","06","02:00","-17.1","","-20.7","","74","","27","","11","","40.2","","102.00","","","","-24","","Clear"
"2012-03-06 03:00","2012","03","06","03:00","-17.1","","-20.8","","73","","26","","7","","40.2","","102.05","","","","-22","","Clear"
"2012-03-06 04:00","2012","03","06","04:00","-17.0","","-20.5","","74","","27","","9","","40.2","","102.15","","","","-23","","Clear"
"2012-03-06 05:00","2012","03","06","05:00","-16.9","","-20.2","","76","","26","","9","","40.2","","102.28","","","","-23","","Mainly Clear"
"2012-03-06 06:00","2012","03","06","06:00","-16.4","","-19.9","","74","","26","","9","","72.4","","102.33","","","","-22","","Clear"
"2012-03-06 07:00","2012","03","06","07:00","-20.3","","-22.9","","80","","25","","6","","72.4","","102.44","","","","-25","","Clear"
"2012-03-06 08:00","2012","03","06","08:00","-16.8","","-20.2","","75","","24","","4","","72.4","","102.49","","","","-20","","Mainly Clear"
"2012-03-06 09:00","2012","03","06","09:00","-15.2","","-19.9","","67","","","","0","","72.4","","102.52","","","","","","Clear"
"2012-03-06 10:00","2012","03","06","10:00","-12.7","","-18.8","","60","","23","","7","","72.4","","102.54","","","","-17","","Clear"
"2012-03-06 11:00","2012","03","06","11:00","-10.4","","-17.8","","55","","21","","9","","72.4","","102.52","","","","-15","","Mainly Clear"
"2012-03-06 12:00","2012","03","06","12:00","-9.1","","-17.2","","52","","21","","17","","40.2","","102.50","","","","-16","","Mainly Clear"
"2012-03-06 13:00","2012","03","06","13:00","-8.0","","-18.8","","42","","23","","11","","40.2","","102.42","","","","-13","","Mainly Clear"
"2012-03-06 14:00","2012","03","06","14:00","-7.2","","-17.6","","43","","26","","13","","40.2","","102.39","","","","-13","","Mainly Clear"
"2012-03-06 15:00","2012","03","06","15:00","-6.7","","-16.9","","44","","19","","7","","40.2","","102.36","","","","-10","","Mainly Clear"
"2012-03-06 16:00","2012","03","06","16:00","-6.1","","-16.7","","43","","22","","7","","40.2","","102.35","","","","-9","","Mainly Clear"
"2012-03-06 17:00","2012","03","06","17:00","-6.4","","-16.7","","44","","33","","4","","40.2","","102.32","","","","-8","","Mainly Clear"
"2012-03-06 18:00","2012","03","06","18:00","-7.5","","-16.9","","47","","9","","4","","40.2","","102.27","","","","-10","","Mainly Clear"
"2012-03-06 19:00","2012","03","06","19:00","-8.3","","-16.8","","50","","10","","4","","40.2","","102.25","","","","-10","","Mostly Cloudy"
"2012-03-06 20:00","2012","03","06","20:00","-8.3","","-16.5","","52","","4","","6","","40.2","","102.18","","","","-12","","Mostly Cloudy"
"2012-03-06 21:00","2012","03","06","21:00","-8.4","","-15.8","","55","","2","","9","","40.2","","102.15","","","","-13","","Cloudy"
"2012-03-06 22:00","2012","03","06","22:00","-8.5","","-15.5","","57","","3","","9","","40.2","","102.07","","","","-13","","Cloudy"
"2012-03-06 23:00","2012","03","06","23:00","-8.4","","-15.0","","59","","4","","9","","40.2","","102.00","","","","-13","","Cloudy"
"2012-03-07 00:00","2012","03","07","00:00","-8.2","","-14.5","","60","","3","","13","","40.2","","101.90","","","","-14","","Cloudy"
"2012-03-07 01:00","2012","03","07","01:00","-7.0","","-14.9","","53","","4","","9","","40.2","","101.90","","","","-11","","Cloudy"
"2012-03-07 02:00","2012","03","07","02:00","-7.0","","-15.0","","53","","6","","17","","40.2","","101.83","","","","-13","","Cloudy"
"2012-03-07 03:00","2012","03","07","03:00","-7.2","","-14.0","","58","","5","","11","","40.2","","101.72","","","","-12","","Cloudy"
"2012-03-07 04:00","2012","03","07","04:00","-7.1","","-13.0","","63","","3","","11","","40.2","","101.64","","","","-12","","Cloudy"
"2012-03-07 05:00","2012","03","07","05:00","-7.0","","-12.6","","64","","3","","7","","40.2","","101.56","","","","-11","","Cloudy"
"2012-03-07 06:00","2012","03","07","06:00","-7.2","","-12.1","","68","","4","","15","","40.2","","101.47","","","","-13","","Cloudy"
"2012-03-07 07:00","2012","03","07","07:00","-6.9","","-11.2","","71","","2","","17","","40.2","","101.42","","","","-13","","Cloudy"
"2012-03-07 08:00","2012","03","07","08:00","-5.8","","-10.2","","71","","5","","6","","40.2","","101.38","","","","-9","","Mostly Cloudy"
"2012-03-07 09:00","2012","03","07","09:00","-4.4","","-10.1","","64","","3","","13","","24.1","","101.31","","","","-9","","Mainly Clear"
"2012-03-07 10:00","2012","03","07","10:00","-2.4","","-9.1","","60","","3","","9","","24.1","","101.24","","","","-6","","Mainly Clear"
"2012-03-07 11:00","2012","03","07","11:00","-0.8","","-7.7","","59","","2","","6","","32.2","","101.15","","","","-3","","Mainly Clear"
"2012-03-07 12:00","2012","03","07","12:00","1.5","","-5.9","","58","","4","","4","","32.2","","101.06","","","","","","Mostly Cloudy"
"2012-03-07 13:00","2012","03","07","13:00","4.9","","-5.1","","48","","17","","6","","32.2","","100.94","","","","","","Mainly Clear"
"2012-03-07 14:00","2012","03","07","14:00","5.7","","-4.3","","49","","17","","7","","32.2","","100.83","","","","","","Mainly Clear"
"2012-03-07 15:00","2012","03","07","15:00","8.3","","-4.7","","39","","26","","6","","32.2","","100.79","","","","","","Mostly Cloudy"
"2012-03-07 16:00","2012","03","07","16:00","8.9","","-3.3","","42","","21","","9","","32.2","","100.71","","","","","","Mostly Cloudy"
"2012-03-07 17:00","2012","03","07","17:00","10.1","","-2.7","","41","","22","","11","","32.2","","100.67","","","","","","Cloudy"
"2012-03-07 18:00","2012","03","07","18:00","9.6","","-2.0","","44","","21","","11","","32.2","","100.66","","","","","","Cloudy"
"2012-03-07 19:00","2012","03","07","19:00","9.4","","-1.3","","47","","19","","15","","32.2","","100.60","","","","","","Cloudy"
"2012-03-07 20:00","2012","03","07","20:00","9.8","","-0.4","","49","","20","","19","","32.2","","100.58","","","","","","Cloudy"
"2012-03-07 21:00","2012","03","07","21:00","8.9","","-0.2","","53","","20","","9","","40.2","","100.58","","","","","","Mostly Cloudy"
"2012-03-07 22:00","2012","03","07","22:00","8.4","","0.4","","57","","20","","15","","40.2","","100.52","","","","","","Mostly Cloudy"
"2012-03-07 23:00","2012","03","07","23:00","7.6","","-0.3","","57","","18","","7","","40.2","","100.48","","","","","","Cloudy"
"2012-03-08 00:00","2012","03","08","00:00","6.9","","0.3","","63","","21","","17","","40.2","","100.38","","","","","","Mostly Cloudy"
"2012-03-08 01:00","2012","03","08","01:00","9.1","","0.0","","53","","22","","13","","40.2","","100.30","","","","","","Cloudy"
"2012-03-08 02:00","2012","03","08","02:00","9.3","","-0.3","","51","","24","","11","","40.2","","100.22","","","","","","Cloudy"
"2012-03-08 03:00","2012","03","08","03:00","9.1","","-0.5","","51","","24","","9","","40.2","","100.09","","","","","","Cloudy"
"2012-03-08 04:00","2012","03","08","04:00","10.6","","0.0","","48","","22","","13","","40.2","","100.04","","","","","","Cloudy"
"2012-03-08 05:00","2012","03","08","05:00","10.3","","0.2","","49","","23","","9","","40.2","","99.97","","","","","","Cloudy"
"2012-03-08 06:00","2012","03","08","06:00","10.2","","0.4","","51","","23","","11","","40.2","","99.94","","","","","","Cloudy"
"2012-03-08 07:00","2012","03","08","07:00","10.4","","0.7","","51","","23","","13","","40.2","","99.88","","","","","","Cloudy"
"2012-03-08 08:00","2012","03","08","08:00","10.5","","1.2","","52","","23","","11","","72.4","","99.78","","","","","","Cloudy"
"2012-03-08 09:00","2012","03","08","09:00","11.2","","2.3","","54","","22","","19","","72.4","","99.69","","","","","","Cloudy"
"2012-03-08 10:00","2012","03","08","10:00","11.6","","2.9","","55","","22","","20","","40.2","","99.62","","","","","","Cloudy"
"2012-03-08 11:00","2012","03","08","11:00","11.4","","3.6","","59","","23","","13","","40.2","","99.55","","","","","","Rain"
"2012-03-08 12:00","2012","03","08","12:00","10.6","","5.0","","68","","24","","13","","8.0","","99.49","","","","","","Rain"
"2012-03-08 13:00","2012","03","08","13:00","11.1","","6.1","","71","","22","","24","","32.2","","99.34","","","","","","Rain"
"2012-03-08 14:00","2012","03","08","14:00","10.7","","6.5","","75","","21","","32","","32.2","","99.27","","","","","","Rain"
"2012-03-08 15:00","2012","03","08","15:00","8.9","","7.5","","91","","21","","30","","8.0","","99.23","","","","","","Rain,Fog"
"2012-03-08 16:00","2012","03","08","16:00","8.8","","7.7","","93","","22","","28","","24.1","","99.15","","","","","","Rain"
"2012-03-08 17:00","2012","03","08","17:00","8.3","","7.5","","95","","21","","30","","4.0","","99.09","","","","","","Rain,Fog"
"2012-03-08 18:00","2012","03","08","18:00","7.1","","6.8","","98","","25","","24","","6.4","","99.14","","","","","","Rain,Fog"
"2012-03-08 19:00","2012","03","08","19:00","5.3","","3.8","","90","","24","","19","","12.9","","99.23","","","","","","Rain"
"2012-03-08 20:00","2012","03","08","20:00","3.8","","2.5","","91","","24","","24","","16.1","","99.33","","","","","","Rain"
"2012-03-08 21:00","2012","03","08","21:00","2.6","","1.5","","92","","27","","32","","16.1","","99.46","","","","","","Rain"
"2012-03-08 22:00","2012","03","08","22:00","0.8","","0.1","","95","","26","","19","","4.0","","99.58","","","","","","Snow,Fog"
"2012-03-08 23:00","2012","03","08","23:00","0.3","","-0.4","","95","","26","","20","","2.4","","99.69","","","","","","Snow"
"2012-03-09 00:00","2012","03","09","00:00","0.3","","-1.1","","90","","26","","15","","16.1","","99.72","","","","","","Cloudy"
"2012-03-09 01:00","2012","03","09","01:00","-0.9","","-4.1","","79","","27","","15","","40.2","","99.86","","","","-6","","Mostly Cloudy"
"2012-03-09 02:00","2012","03","09","02:00","-2.6","","-6.3","","76","","29","","19","","40.2","","100.00","","","","-8","","Mainly Clear"
"2012-03-09 03:00","2012","03","09","03:00","-4.1","","-9.0","","69","","30","","15","","40.2","","100.25","","","","-9","","Mainly Clear"
"2012-03-09 04:00","2012","03","09","04:00","-4.8","","-9.1","","72","","31","","13","","40.2","","100.44","","","","-10","","Mainly Clear"
"2012-03-09 05:00","2012","03","09","05:00","-5.6","","-10.0","","71","","29","","11","","40.2","","100.58","","","","-10","","Mainly Clear"
"2012-03-09 06:00","2012","03","09","06:00","-6.1","","-10.6","","70","","27","","13","","40.2","","100.65","","","","-11","","Mainly Clear"
"2012-03-09 07:00","2012","03","09","07:00","-6.4","","-8.6","","84","","25","","7","","40.2","","100.74","","","","-10","","Mainly Clear"
"2012-03-09 08:00","2012","03","09","08:00","-6.1","","-10.4","","72","","24","","15","","72.4","","100.82","","","","-12","","Clear"
"2012-03-09 09:00","2012","03","09","09:00","-5.3","","-10.1","","69","","23","","17","","72.4","","100.89","","","","-11","","Mainly Clear"
"2012-03-09 10:00","2012","03","09","10:00","-4.3","","-10.5","","62","","25","","13","","64.4","","100.88","","","","-9","","Mainly Clear"
"2012-03-09 11:00","2012","03","09","11:00","-4.0","","-10.3","","62","","18","","11","","64.4","","100.88","","","","-8","","Mainly Clear"
"2012-03-09 12:00","2012","03","09","12:00","-3.3","","-9.3","","63","","20","","15","","64.4","","100.88","","","","-8","","Mainly Clear"
"2012-03-09 13:00","2012","03","09","13:00","-2.9","","-9.8","","59","","23","","19","","72.4","","100.87","","","","-9","","Mainly Clear"
"2012-03-09 14:00","2012","03","09","14:00","-2.5","","-9.1","","60","","23","","15","","64.4","","100.86","","","","-7","","Mainly Clear"
"2012-03-09 15:00","2012","03","09","15:00","-2.2","","-9.6","","57","","23","","19","","64.4","","100.88","","","","-8","","Mostly Cloudy"
"2012-03-09 16:00","2012","03","09","16:00","-1.8","","-9.8","","54","","23","","19","","64.4","","100.89","","","","-7","","Mostly Cloudy"
"2012-03-09 17:00","2012","03","09","17:00","-2.3","","-9.6","","57","","22","","9","","64.4","","100.91","","","","-6","","Mostly Cloudy"
"2012-03-09 18:00","2012","03","09","18:00","-2.8","","-10.0","","58","","23","","7","","40.2","","100.96","","","","-6","","Mostly Cloudy"
"2012-03-09 19:00","2012","03","09","19:00","-3.0","","-9.7","","60","","28","","4","","32.2","","101.02","","","","-5","","Cloudy"
"2012-03-09 20:00","2012","03","09","20:00","-4.2","","-8.8","","70","","15","","4","","40.2","","101.06","","","","-6","","Cloudy"
"2012-03-09 21:00","2012","03","09","21:00","-4.2","","-8.3","","73","","2","","6","","40.2","","101.09","","","","-7","","Cloudy"
"2012-03-09 22:00","2012","03","09","22:00","-4.8","","-9.5","","70","","","","0","","40.2","","101.09","","","","","","Cloudy"
"2012-03-09 23:00","2012","03","09","23:00","-4.8","","-8.4","","76","","1","","4","","40.2","","101.14","","","","-7","","Cloudy"
"2012-03-10 00:00","2012","03","10","00:00","-5.3","","-8.4","","79","","2","","6","","40.2","","101.24","","","","-8","","Cloudy"
"2012-03-10 01:00","2012","03","10","01:00","-4.4","","-9.1","","70","","3","","7","","40.2","","101.38","","","","-8","","Cloudy"
"2012-03-10 02:00","2012","03","10","02:00","-4.3","","-10.4","","62","","2","","13","","40.2","","101.48","","","","-9","","Cloudy"
"2012-03-10 03:00","2012","03","10","03:00","-5.6","","-12.8","","57","","2","","13","","40.2","","101.59","","","","-11","","Cloudy"
"2012-03-10 04:00","2012","03","10","04:00","-6.9","","-13.2","","61","","36","","17","","40.2","","101.75","","","","-13","","Mainly Clear"
"2012-03-10 05:00","2012","03","10","05:00","-7.7","","-13.7","","62","","1","","11","","40.2","","101.91","","","","-13","","Mainly Clear"
"2012-03-10 06:00","2012","03","10","06:00","-8.6","","-14.0","","65","","3","","6","","72.4","","102.05","","","","-12","","Mainly Clear"
"2012-03-10 07:00","2012","03","10","07:00","-9.4","","-14.3","","67","","4","","7","","72.4","","102.19","","","","-13","","Mainly Clear"
"2012-03-10 08:00","2012","03","10","08:00","-8.6","","-14.6","","62","","1","","13","","72.4","","102.31","","","","-15","","Mainly Clear"
"2012-03-10 09:00","2012","03","10","09:00","-7.8","","-14.6","","58","","8","","9","","72.4","","102.39","","","","-12","","Mostly Cloudy"
"2012-03-10 10:00","2012","03","10","10:00","-6.7","","-14.3","","55","","18","","6","","72.4","","102.44","","","","-10","","Mainly Clear"
"2012-03-10 11:00","2012","03","10","11:00","-5.9","","-13.4","","55","","21","","15","","72.4","","102.46","","","","-12","","Mainly Clear"
"2012-03-10 12:00","2012","03","10","12:00","-5.1","","-12.4","","57","","18","","15","","72.4","","102.38","","","","-11","","Mainly Clear"
"2012-03-10 13:00","2012","03","10","13:00","-4.4","","-11.8","","56","","22","","9","","72.4","","102.31","","","","-8","","Mainly Clear"
"2012-03-10 14:00","2012","03","10","14:00","-3.3","","-10.5","","57","","24","","11","","72.4","","102.24","","","","-8","","Mainly Clear"
"2012-03-10 15:00","2012","03","10","15:00","-3.2","","-9.6","","61","","20","","11","","72.4","","102.16","","","","-7","","Mainly Clear"
"2012-03-10 16:00","2012","03","10","16:00","-3.2","","-9.7","","61","","21","","13","","72.4","","102.13","","","","-8","","Mainly Clear"
"2012-03-10 17:00","2012","03","10","17:00","-3.1","","-9.6","","61","","22","","7","","72.4","","102.09","","","","-6","","Mainly Clear"
"2012-03-10 18:00","2012","03","10","18:00","-3.6","","-10.0","","61","","23","","6","","40.2","","102.09","","","","-6","","Mainly Clear"
"2012-03-10 19:00","2012","03","10","19:00","-4.0","","-9.5","","66","","21","","6","","40.2","","102.06","","","","-7","","Mainly Clear"
"2012-03-10 20:00","2012","03","10","20:00","-4.7","","-9.1","","71","","20","","6","","40.2","","102.03","","","","-7","","Cloudy"
"2012-03-10 21:00","2012","03","10","21:00","-4.5","","-8.8","","72","","14","","6","","40.2","","101.97","","","","-7","","Cloudy"
"2012-03-10 22:00","2012","03","10","22:00","-4.0","","-8.3","","72","","21","","6","","40.2","","101.96","","","","-7","","Cloudy"
"2012-03-10 23:00","2012","03","10","23:00","-4.1","","-8.0","","74","","","","0","","40.2","","101.86","","","","","","Mostly Cloudy"
"2012-03-11 00:00","2012","03","11","00:00","-5.1","","-8.2","","79","","10","","4","","40.2","","101.77","","","","-7","","Mainly Clear"
"2012-03-11 01:00","2012","03","11","01:00","-6.3","","-8.6","","84","","3","","6","","40.2","","101.69","","","","-9","","Mainly Clear"
"2012-03-11 02:00","2012","03","11","02:00","-7.3","","-9.4","","85","","2","","6","","40.2","","101.65","","","","-10","","Mainly Clear"
"2012-03-11 03:00","2012","03","11","03:00","-6.4","","-8.8","","83","","1","","7","","40.2","","101.53","","","","-10","","Cloudy"
"2012-03-11 04:00","2012","03","11","04:00","-6.0","","-8.7","","81","","3","","9","","40.2","","101.49","","","","-10","","Cloudy"
"2012-03-11 05:00","2012","03","11","05:00","-5.6","","-8.0","","83","","3","","6","","40.2","","101.45","","","","-8","","Cloudy"
"2012-03-11 06:00","2012","03","11","06:00","-5.7","","-7.9","","84","","6","","4","","40.2","","101.43","","","","-8","","Mostly Cloudy"
"2012-03-11 07:00","2012","03","11","07:00","-5.6","","-8.1","","83","","34","","6","","40.2","","101.44","","","","-8","","Clear"
"2012-03-11 08:00","2012","03","11","08:00","-4.4","","-7.7","","78","","9","","4","","40.2","","101.42","","","","-6","","Clear"
"2012-03-11 09:00","2012","03","11","09:00","-2.1","","-6.7","","71","","17","","4","","40.2","","101.41","","","","-4","","Clear"
"2012-03-11 10:00","2012","03","11","10:00","0.6","","-6.9","","57","","25","","19","","40.2","","101.40","","","","","","Clear"
"2012-03-11 11:00","2012","03","11","11:00","2.0","","-5.6","","57","","23","","19","","40.2","","101.34","","","","","","Clear"
"2012-03-11 12:00","2012","03","11","12:00","4.0","","-3.8","","57","","24","","15","","40.2","","101.29","","","","","","Clear"
"2012-03-11 13:00","2012","03","11","13:00","5.5","","-2.7","","55","","24","","13","","40.2","","101.24","","","","","","Clear"
"2012-03-11 14:00","2012","03","11","14:00","6.6","","-2.0","","54","","25","","13","","40.2","","101.17","","","","","","Clear"
"2012-03-11 15:00","2012","03","11","15:00","6.5","","-1.3","","57","","21","","11","","40.2","","101.14","","","","","","Clear"
"2012-03-11 16:00","2012","03","11","16:00","8.2","","-0.7","","53","","26","","11","","40.2","","101.09","","","","","","Clear"
"2012-03-11 17:00","2012","03","11","17:00","8.4","","-0.4","","54","","25","","7","","40.2","","101.07","","","","","","Clear"
"2012-03-11 18:00","2012","03","11","18:00","5.8","","-0.3","","65","","21","","7","","40.2","","101.12","","","","","","Clear"
"2012-03-11 19:00","2012","03","11","19:00","5.1","","-0.5","","67","","23","","6","","40.2","","101.14","","","","","","Clear"
"2012-03-11 20:00","2012","03","11","20:00","3.8","","-0.6","","73","","23","","9","","40.2","","101.14","","","","","","Clear"
"2012-03-11 21:00","2012","03","11","21:00","6.2","","-0.4","","63","","23","","11","","40.2","","101.12","","","","","","Mainly Clear"
"2012-03-11 22:00","2012","03","11","22:00","6.1","","-0.5","","63","","23","","11","","40.2","","101.14","","","","","","Clear"
"2012-03-11 23:00","2012","03","11","23:00","5.1","","-0.6","","67","","25","","11","","40.2","","101.18","","","","","","Clear"
"2012-03-12 00:00","2012","03","12","00:00","5.2","","-0.4","","67","","25","","17","","40.2","","101.19","","","","","","Clear"
"2012-03-12 01:00","2012","03","12","01:00","4.0","","-0.5","","72","","24","","13","","40.2","","101.21","","","","","","Mainly Clear"
"2012-03-12 02:00","2012","03","12","02:00","3.4","","-0.6","","75","","25","","9","","40.2","","101.20","","","","","","Mostly Cloudy"
"2012-03-12 03:00","2012","03","12","03:00","3.2","","-0.6","","76","","26","","13","","40.2","","101.23","","","","","","Mainly Clear"
"2012-03-12 04:00","2012","03","12","04:00","2.1","","-0.9","","80","","26","","9","","40.2","","101.26","","","","","","Mainly Clear"
"2012-03-12 05:00","2012","03","12","05:00","-0.1","","-1.8","","88","","26","","9","","40.2","","101.24","","","","-3","","Mainly Clear"
"2012-03-12 06:00","2012","03","12","06:00","0.9","","-1.3","","85","","25","","13","","40.2","","101.34","","","","","","Mainly Clear"
"2012-03-12 07:00","2012","03","12","07:00","1.1","","-1.1","","85","","26","","9","","40.2","","101.43","","","","","","Mostly Cloudy"
"2012-03-12 08:00","2012","03","12","08:00","2.3","","-0.9","","79","","26","","4","","32.2","","101.47","","","","","","Mostly Cloudy"
"2012-03-12 09:00","2012","03","12","09:00","3.2","","-0.7","","76","","2","","4","","40.2","","101.48","","","","","","Mostly Cloudy"
"2012-03-12 10:00","2012","03","12","10:00","5.7","","-0.3","","65","","3","","6","","32.2","","101.45","","","","","","Mostly Cloudy"
"2012-03-12 11:00","2012","03","12","11:00","6.9","","-0.1","","61","","1","","6","","40.2","","101.45","","","","","","Mostly Cloudy"
"2012-03-12 12:00","2012","03","12","12:00","8.2","","-0.7","","53","","8","","11","","40.2","","101.40","","","","","","Mostly Cloudy"
"2012-03-12 13:00","2012","03","12","13:00","9.2","","-0.7","","50","","7","","9","","40.2","","101.30","","","","","","Cloudy"
"2012-03-12 14:00","2012","03","12","14:00","9.3","","-0.9","","49","","","","0","","40.2","","101.26","","","","","","Cloudy"
"2012-03-12 15:00","2012","03","12","15:00","8.5","","-0.8","","52","","1","","7","","32.2","","101.18","","","","","","Cloudy"
"2012-03-12 16:00","2012","03","12","16:00","8.4","","-0.4","","54","","3","","6","","24.1","","101.11","","","","","","Cloudy"
"2012-03-12 17:00","2012","03","12","17:00","7.4","","-0.5","","57","","4","","6","","24.1","","101.04","","","","","","Cloudy"
"2012-03-12 18:00","2012","03","12","18:00","6.7","","-0.8","","59","","3","","4","","24.1","","101.02","","","","","","Cloudy"
"2012-03-12 19:00","2012","03","12","19:00","5.6","","-0.8","","63","","7","","6","","24.1","","100.99","","","","","","Cloudy"
"2012-03-12 20:00","2012","03","12","20:00","4.1","","-1.0","","69","","4","","7","","40.2","","100.87","","","","","","Cloudy"
"2012-03-12 21:00","2012","03","12","21:00","5.3","","-1.4","","62","","6","","11","","40.2","","100.88","","","","","","Cloudy"
"2012-03-12 22:00","2012","03","12","22:00","4.3","","-1.3","","67","","3","","9","","40.2","","100.83","","","","","","Mostly Cloudy"
"2012-03-12 23:00","2012","03","12","23:00","3.9","","-1.1","","70","","4","","6","","40.2","","100.74","","","","","","Mostly Cloudy"
"2012-03-13 00:00","2012","03","13","00:00","4.3","","-1.1","","68","","3","","7","","40.2","","100.64","","","","","","Cloudy"
"2012-03-13 01:00","2012","03","13","01:00","4.3","","-1.1","","68","","6","","9","","40.2","","100.57","","","","","","Cloudy"
"2012-03-13 02:00","2012","03","13","02:00","4.5","","-1.0","","67","","1","","6","","40.2","","100.51","","","","","","Cloudy"
"2012-03-13 03:00","2012","03","13","03:00","3.7","","-0.6","","73","","6","","9","","40.2","","100.35","","","","","","Cloudy"
"2012-03-13 04:00","2012","03","13","04:00","3.1","","-0.8","","76","","3","","6","","40.2","","100.25","","","","","","Cloudy"
"2012-03-13 05:00","2012","03","13","05:00","3.0","","-1.0","","75","","5","","9","","40.2","","100.20","","","","","","Cloudy"
"2012-03-13 06:00","2012","03","13","06:00","3.0","","-0.4","","78","","2","","13","","12.9","","100.15","","","","","","Rain"
"2012-03-13 07:00","2012","03","13","07:00","1.8","","0.7","","92","","5","","11","","9.7","","100.08","","","","","","Rain"
"2012-03-13 08:00","2012","03","13","08:00","1.4","","0.5","","94","","4","","9","","4.8","","100.00","","","","","","Rain,Fog"
"2012-03-13 09:00","2012","03","13","09:00","1.9","","1.3","","96","","3","","9","","3.2","","100.03","","","","","","Rain,Fog"
"2012-03-13 10:00","2012","03","13","10:00","2.2","","1.9","","98","","4","","11","","2.8","","100.05","","","","","","Rain,Fog"
"2012-03-13 11:00","2012","03","13","11:00","2.4","","2.1","","98","","5","","6","","2.4","","100.05","","","","","","Drizzle,Fog"
"2012-03-13 12:00","2012","03","13","12:00","2.7","","2.2","","97","","7","","11","","1.6","","100.09","","","","","","Fog"
"2012-03-13 13:00","2012","03","13","13:00","2.8","","2.3","","97","","6","","9","","1.6","","100.10","","","","","","Fog"
"2012-03-13 14:00","2012","03","13","14:00","3.2","","2.3","","94","","7","","9","","4.0","","100.09","","","","","","Fog"
"2012-03-13 15:00","2012","03","13","15:00","2.6","","1.9","","95","","6","","7","","2.0","","100.09","","","","","","Fog"
"2012-03-13 16:00","2012","03","13","16:00","2.0","","1.3","","95","","5","","11","","3.2","","100.17","","","","","","Fog"
"2012-03-13 17:00","2012","03","13","17:00","1.6","","1.0","","96","","5","","13","","3.2","","100.17","","","","","","Fog"
"2012-03-13 18:00","2012","03","13","18:00","1.0","","0.5","","96","","5","","15","","2.4","","100.23","","","","","","Fog"
"2012-03-13 19:00","2012","03","13","19:00","0.4","","0.0","","97","","5","","15","","2.0","","100.27","","","","","","Rain,Fog"
"2012-03-13 20:00","2012","03","13","20:00","0.2","","-0.1","","98","","4","","9","","3.2","","100.37","","","","","","Rain Showers,Fog"
"2012-03-13 21:00","2012","03","13","21:00","0.6","","0.0","","96","","6","","11","","9.7","","100.34","","","","","","Fog"
"2012-03-13 22:00","2012","03","13","22:00","0.2","","-0.3","","96","","4","","6","","9.7","","100.41","","","","","","Fog"
"2012-03-13 23:00","2012","03","13","23:00","0.3","","-0.2","","96","","7","","6","","8.0","","100.43","","","","","","Fog"
"2012-03-14 00:00","2012","03","14","00:00","0.3","","0.0","","98","","6","","9","","1.2","","100.48","","","","","","Fog"
"2012-03-14 01:00","2012","03","14","01:00","0.3","","0.0","","98","","9","","9","","0.8","","100.52","","","","","","Fog"
"2012-03-14 02:00","2012","03","14","02:00","0.2","","0.0","","99","","7","","9","","0.8","","100.52","","","","","","Fog"
"2012-03-14 03:00","2012","03","14","03:00","0.0","","-0.2","","99","","4","","7","","0.8","","100.54","","","","-2","","Freezing Fog"
"2012-03-14 04:00","2012","03","14","04:00","-0.1","","-0.3","","99","","6","","6","","0.8","","100.59","","","","-2","","Freezing Fog"
"2012-03-14 05:00","2012","03","14","05:00","0.1","","-0.2","","98","","7","","4","","0.8","","100.69","","","","","","Fog"
"2012-03-14 06:00","2012","03","14","06:00","0.0","","-0.1","","99","","5","","6","","0.8","","100.74","","","","-2","","Fog"
"2012-03-14 07:00","2012","03","14","07:00","0.1","","0.0","","99","","6","","7","","1.6","","100.83","","","","","","Fog"
"2012-03-14 08:00","2012","03","14","08:00","0.2","","0.1","","99","","5","","6","","3.2","","100.91","","","","","","Rain,Fog"
"2012-03-14 09:00","2012","03","14","09:00","0.2","","0.1","","99","","5","","6","","2.0","","100.98","","","","","","Snow,Fog"
"2012-03-14 10:00","2012","03","14","10:00","0.3","","0.1","","99","","5","","6","","2.0","","101.02","","","","","","Snow,Fog"
"2012-03-14 11:00","2012","03","14","11:00","0.7","","0.4","","98","","6","","7","","2.0","","101.06","","","","","","Snow,Fog"
"2012-03-14 12:00","2012","03","14","12:00","0.9","","0.3","","96","","9","","7","","4.8","","101.11","","","","","","Snow,Fog"
"2012-03-14 13:00","2012","03","14","13:00","1.2","","0.2","","93","","6","","6","","12.9","","101.13","","","","","","Snow"
"2012-03-14 14:00","2012","03","14","14:00","1.0","","0.0","","93","","5","","9","","12.9","","101.18","","","","","","Cloudy"
"2012-03-14 15:00","2012","03","14","15:00","0.8","","-0.2","","93","","4","","9","","12.9","","101.23","","","","","","Cloudy"
"2012-03-14 16:00","2012","03","14","16:00","0.5","","-0.5","","93","","6","","11","","16.1","","101.30","","","","","","Cloudy"
"2012-03-14 17:00","2012","03","14","17:00","0.0","","-1.0","","93","","6","","11","","16.1","","101.36","","","","-4","","Cloudy"
"2012-03-14 18:00","2012","03","14","18:00","-0.2","","-1.2","","93","","5","","9","","8.0","","101.45","","","","-3","","Fog"
"2012-03-14 19:00","2012","03","14","19:00","-0.4","","-1.3","","94","","6","","11","","16.1","","101.53","","","","-4","","Cloudy"
"2012-03-14 20:00","2012","03","14","20:00","-0.4","","-1.4","","93","","6","","13","","16.1","","101.57","","","","-5","","Cloudy"
"2012-03-14 21:00","2012","03","14","21:00","-0.5","","-1.6","","92","","5","","11","","16.1","","101.63","","","","-4","","Cloudy"
"2012-03-14 22:00","2012","03","14","22:00","-0.6","","-2.3","","88","","4","","13","","16.1","","101.64","","","","-5","","Cloudy"
"2012-03-14 23:00","2012","03","14","23:00","-0.8","","-2.8","","86","","5","","15","","16.1","","101.68","","","","-5","","Cloudy"
"2012-03-15 00:00","2012","03","15","00:00","-0.9","","-2.9","","86","","5","","17","","16.1","","101.69","","","","-6","","Cloudy"
"2012-03-15 01:00","2012","03","15","01:00","-1.0","","-2.5","","90","","6","","15","","16.1","","101.74","","","","-6","","Cloudy"
"2012-03-15 02:00","2012","03","15","02:00","-1.1","","-2.5","","90","","5","","19","","16.1","","101.74","","","","-6","","Cloudy"
"2012-03-15 03:00","2012","03","15","03:00","-1.2","","-2.5","","91","","5","","13","","16.1","","101.71","","","","-5","","Cloudy"
"2012-03-15 04:00","2012","03","15","04:00","-1.4","","-2.5","","92","","6","","15","","16.1","","101.70","","","","-6","","Cloudy"
"2012-03-15 05:00","2012","03","15","05:00","-1.6","","-2.6","","93","","6","","19","","16.1","","101.78","","","","-7","","Cloudy"
"2012-03-15 06:00","2012","03","15","06:00","-1.7","","-3.0","","91","","6","","20","","16.1","","101.78","","","","-7","","Cloudy"
"2012-03-15 07:00","2012","03","15","07:00","-1.8","","-3.4","","89","","6","","19","","16.1","","101.87","","","","-7","","Cloudy"
"2012-03-15 08:00","2012","03","15","08:00","-1.8","","-3.6","","87","","6","","13","","16.1","","101.87","","","","-6","","Cloudy"
"2012-03-15 09:00","2012","03","15","09:00","-1.5","","-3.7","","85","","6","","17","","19.3","","101.84","","","","-7","","Cloudy"
"2012-03-15 10:00","2012","03","15","10:00","-1.2","","-3.6","","84","","6","","17","","24.1","","101.79","","","","-6","","Cloudy"
"2012-03-15 11:00","2012","03","15","11:00","-0.7","","-3.3","","83","","5","","19","","24.1","","101.70","","","","-6","","Cloudy"
"2012-03-15 12:00","2012","03","15","12:00","-0.2","","-3.1","","81","","5","","17","","24.1","","101.67","","","","-5","","Cloudy"
"2012-03-15 13:00","2012","03","15","13:00","0.4","","-2.9","","78","","5","","20","","24.1","","101.59","","","","","","Cloudy"
"2012-03-15 14:00","2012","03","15","14:00","0.6","","-2.8","","78","","6","","20","","40.2","","101.53","","","","","","Mostly Cloudy"
"2012-03-15 15:00","2012","03","15","15:00","0.9","","-2.4","","79","","5","","17","","32.2","","101.52","","","","","","Mostly Cloudy"
"2012-03-15 16:00","2012","03","15","16:00","0.8","","-2.1","","81","","6","","17","","32.2","","101.49","","","","","","Mostly Cloudy"
"2012-03-15 17:00","2012","03","15","17:00","0.6","","-1.9","","83","","6","","19","","24.1","","101.44","","","","","","Rain"
"2012-03-15 18:00","2012","03","15","18:00","0.5","","-1.7","","85","","6","","17","","24.1","","101.46","","","","","","Cloudy"
"2012-03-15 19:00","2012","03","15","19:00","0.3","","-1.5","","88","","5","","15","","24.1","","101.38","","","","","","Cloudy"
"2012-03-15 20:00","2012","03","15","20:00","1.1","","-1.5","","83","","4","","13","","24.1","","101.38","","","","","","Cloudy"
"2012-03-15 21:00","2012","03","15","21:00","0.6","","-0.7","","91","","6","","20","","16.1","","101.22","","","","","","Rain Showers"
"2012-03-15 22:00","2012","03","15","22:00","0.7","","-0.5","","92","","3","","9","","16.1","","101.29","","","","","","Rain Showers"
"2012-03-15 23:00","2012","03","15","23:00","0.6","","-0.3","","94","","5","","9","","16.1","","101.23","","","","","","Rain Showers"
"2012-03-16 00:00","2012","03","16","00:00","0.6","","-0.3","","94","","6","","13","","16.1","","101.13","","","","","","Rain Showers"
"2012-03-16 01:00","2012","03","16","01:00","0.5","","-0.4","","94","","4","","11","","16.1","","101.11","","","","","","Rain Showers"
"2012-03-16 02:00","2012","03","16","02:00","0.4","","-0.3","","95","","6","","11","","16.1","","101.04","","","","","","Rain Showers"
"2012-03-16 03:00","2012","03","16","03:00","0.3","","-0.3","","96","","3","","13","","9.7","","100.96","","","","","","Rain Showers,Fog"
"2012-03-16 04:00","2012","03","16","04:00","0.3","","-0.3","","96","","6","","11","","9.7","","100.87","","","","","","Rain Showers,Fog"
"2012-03-16 05:00","2012","03","16","05:00","0.3","","-0.2","","96","","5","","9","","9.7","","100.87","","","","","","Rain Showers,Fog"
"2012-03-16 06:00","2012","03","16","06:00","0.5","","-0.1","","96","","5","","7","","8.0","","100.84","","","","","","Fog"
"2012-03-16 07:00","2012","03","16","07:00","0.6","","0.1","","96","","4","","9","","6.4","","100.85","","","","","","Rain Showers,Fog"
"2012-03-16 08:00","2012","03","16","08:00","0.7","","0.2","","96","","4","","11","","4.0","","100.87","","","","","","Rain,Fog"
"2012-03-16 09:00","2012","03","16","09:00","1.1","","0.7","","97","","5","","9","","4.8","","100.89","","","","","","Rain,Fog"
"2012-03-16 10:00","2012","03","16","10:00","1.4","","1.0","","97","","4","","9","","6.4","","100.87","","","","","","Rain,Fog"
"2012-03-16 11:00","2012","03","16","11:00","1.7","","1.2","","96","","7","","7","","6.4","","100.85","","","","","","Rain,Fog"
"2012-03-16 12:00","2012","03","16","12:00","2.3","","1.3","","93","","6","","9","","8.0","","100.84","","","","","","Fog"
"2012-03-16 13:00","2012","03","16","13:00","2.6","","1.7","","94","","5","","6","","6.4","","100.90","","","","","","Fog"
"2012-03-16 14:00","2012","03","16","14:00","3.3","","2.0","","91","","8","","4","","8.0","","100.89","","","","","","Fog"
"2012-03-16 15:00","2012","03","16","15:00","4.0","","2.5","","90","","23","","4","","8.0","","100.95","","","","","","Fog"
"2012-03-16 16:00","2012","03","16","16:00","3.8","","2.5","","91","","16","","9","","8.0","","100.93","","","","","","Fog"
"2012-03-16 17:00","2012","03","16","17:00","3.1","","2.5","","96","","17","","6","","4.8","","101.05","","","","","","Fog"
"2012-03-16 18:00","2012","03","16","18:00","2.7","","2.4","","98","","12","","7","","3.2","","101.11","","","","","","Fog"
"2012-03-16 19:00","2012","03","16","19:00","2.8","","2.6","","99","","","","0","","3.2","","101.25","","","","","","Fog"
"2012-03-16 20:00","2012","03","16","20:00","2.1","","1.9","","99","","8","","4","","1.6","","101.37","","","","","","Drizzle,Fog"
"2012-03-16 21:00","2012","03","16","21:00","2.5","","2.4","","99","","3","","7","","0.8","","101.44","","","","","","Drizzle,Fog"
"2012-03-16 22:00","2012","03","16","22:00","2.4","","2.2","","99","","3","","6","","0.8","","101.48","","","","","","Fog"
"2012-03-16 23:00","2012","03","16","23:00","1.7","","1.5","","99","","","","0","","6.4","","101.52","","","","","","Fog"
"2012-03-17 00:00","2012","03","17","00:00","1.9","","1.8","","99","","","","0","","6.4","","101.52","","","","","","Fog"
"2012-03-17 01:00","2012","03","17","01:00","0.1","","-0.1","","99","","30","","6","","4.8","","101.53","","","","","","Fog"
"2012-03-17 02:00","2012","03","17","02:00","-1.0","","-1.2","","99","","28","","4","","1.6","","101.57","","","","-2","","Fog"
"2012-03-17 03:00","2012","03","17","03:00","-1.5","","-1.7","","99","","","","0","","1.6","","101.56","","","","","","Fog"
"2012-03-17 04:00","2012","03","17","04:00","-2.1","","-2.3","","99","","22","","4","","4.8","","101.59","","","","-4","","Fog"
"2012-03-17 05:00","2012","03","17","05:00","-2.6","","-2.8","","99","","","","0","","1.6","","101.64","","","","","","Fog"
"2012-03-17 06:00","2012","03","17","06:00","-3.0","","-3.3","","98","","21","","4","","3.2","","101.71","","","","-5","","Fog"
"2012-03-17 07:00","2012","03","17","07:00","-2.4","","-2.7","","98","","","","0","","8.0","","101.78","","","","","","Fog"
"2012-03-17 08:00","2012","03","17","08:00","0.1","","-0.2","","98","","","","0","","9.7","","101.81","","","","","","Fog"
"2012-03-17 09:00","2012","03","17","09:00","1.6","","1.3","","98","","15","","7","","9.7","","101.78","","","","","","Fog"
"2012-03-17 10:00","2012","03","17","10:00","1.5","","1.1","","97","","16","","11","","0.4","","101.80","","","","","","Fog"
"2012-03-17 11:00","2012","03","17","11:00","2.7","","2.5","","99","","17","","6","","0.4","","101.79","","","","","","Fog"
"2012-03-17 12:00","2012","03","17","12:00","4.2","","3.5","","95","","19","","7","","4.8","","101.76","","","","","","Fog"
"2012-03-17 13:00","2012","03","17","13:00","5.6","","4.1","","90","","19","","9","","9.7","","101.64","","","","","","Fog"
"2012-03-17 14:00","2012","03","17","14:00","6.6","","4.4","","86","","17","","6","","9.7","","101.59","","","","","","Fog"
"2012-03-17 15:00","2012","03","17","15:00","7.8","","3.8","","76","","","","0","","9.7","","101.53","","","","","","Fog"
"2012-03-17 16:00","2012","03","17","16:00","8.1","","3.0","","70","","","","0","","16.1","","101.49","","","","","","Cloudy"
"2012-03-17 17:00","2012","03","17","17:00","8.0","","2.9","","70","","","","0","","32.2","","101.44","","","","","","Mostly Cloudy"
"2012-03-17 18:00","2012","03","17","18:00","6.9","","3.0","","76","","","","0","","24.1","","101.42","","","","","","Cloudy"
"2012-03-17 19:00","2012","03","17","19:00","6.2","","2.4","","77","","32","","7","","24.1","","101.51","","","","","","Cloudy"
"2012-03-17 20:00","2012","03","17","20:00","5.1","","2.2","","82","","19","","15","","32.2","","101.29","","","","","","Cloudy"
"2012-03-17 21:00","2012","03","17","21:00","4.6","","2.3","","85","","36","","7","","24.1","","101.31","","","","","","Cloudy"
"2012-03-17 22:00","2012","03","17","22:00","3.3","","1.5","","88","","1","","4","","24.1","","101.27","","","","","","Cloudy"
"2012-03-17 23:00","2012","03","17","23:00","3.3","","1.7","","89","","27","","4","","24.1","","101.23","","","","","","Mostly Cloudy"
"2012-03-18 00:00","2012","03","18","00:00","3.3","","1.7","","89","","24","","4","","24.1","","101.21","","","","","","Mostly Cloudy"
"2012-03-18 01:00","2012","03","18","01:00","2.9","","1.6","","91","","21","","7","","24.1","","101.19","","","","","","Mainly Clear"
"2012-03-18 02:00","2012","03","18","02:00","2.2","","1.2","","93","","","","0","","24.1","","101.16","","","","","","Mainly Clear"
"2012-03-18 03:00","2012","03","18","03:00","2.2","","1.1","","92","","","","0","","24.1","","101.10","","","","","","Mainly Clear"
"2012-03-18 04:00","2012","03","18","04:00","4.3","","3.0","","91","","28","","6","","16.1","","101.11","","","","","","Mostly Cloudy"
"2012-03-18 05:00","2012","03","18","05:00","5.7","","3.9","","88","","22","","9","","16.1","","101.13","","","","","","Mainly Clear"
"2012-03-18 06:00","2012","03","18","06:00","6.4","","4.5","","88","","24","","9","","16.1","","101.15","","","","","","Mainly Clear"
"2012-03-18 07:00","2012","03","18","07:00","6.2","","4.5","","89","","21","","4","","16.1","","101.18","","","","","","Mainly Clear"
"2012-03-18 08:00","2012","03","18","08:00","7.6","","5.5","","87","","23","","6","","12.9","","101.21","","","","","","Mainly Clear"
"2012-03-18 09:00","2012","03","18","09:00","8.9","","6.0","","82","","22","","15","","12.9","","101.21","","","","","","Mainly Clear"
"2012-03-18 10:00","2012","03","18","10:00","11.0","","7.0","","76","","23","","17","","16.1","","101.17","","","","","","Mainly Clear"
"2012-03-18 11:00","2012","03","18","11:00","12.4","","7.1","","70","","24","","17","","19.3","","101.13","","","","","","Mainly Clear"
"2012-03-18 12:00","2012","03","18","12:00","14.6","","8.3","","66","","23","","11","","24.1","","101.05","","","","","","Mainly Clear"
"2012-03-18 13:00","2012","03","18","13:00","16.2","","9.2","","63","","24","","15","","24.1","","101.00","","","","","","Mainly Clear"
"2012-03-18 14:00","2012","03","18","14:00","17.3","","10.0","","62","","24","","15","","24.1","","100.91","","","","","","Mainly Clear"
"2012-03-18 15:00","2012","03","18","15:00","18.4","","10.5","","60","","23","","15","","24.1","","100.85","","","","","","Mainly Clear"
"2012-03-18 16:00","2012","03","18","16:00","19.0","","10.8","","59","","24","","11","","24.1","","100.83","","","","","","Mainly Clear"
"2012-03-18 17:00","2012","03","18","17:00","18.0","","10.5","","62","","27","","6","","24.1","","100.80","","","","","","Mainly Clear"
"2012-03-18 18:00","2012","03","18","18:00","16.8","","9.7","","63","","24","","4","","32.2","","100.77","","","","","","Mainly Clear"
"2012-03-18 19:00","2012","03","18","19:00","14.4","","9.9","","74","","22","","7","","32.2","","100.77","","","","","","Mainly Clear"
"2012-03-18 20:00","2012","03","18","20:00","11.6","","9.6","","88","","25","","6","","32.2","","100.83","","","","","","Mainly Clear"
"2012-03-18 21:00","2012","03","18","21:00","10.2","","9.2","","94","","25","","7","","32.2","","100.86","","","","","","Mainly Clear"
"2012-03-18 22:00","2012","03","18","22:00","11.9","","9.7","","86","","24","","7","","32.2","","100.84","","","","","","Clear"
"2012-03-18 23:00","2012","03","18","23:00","6.8","","5.6","","92","","27","","4","","32.2","","100.84","","","","","","Clear"
"2012-03-19 00:00","2012","03","19","00:00","7.7","","7.4","","98","","","","0","","32.2","","100.83","","","","","","Clear"
"2012-03-19 01:00","2012","03","19","01:00","5.9","","5.6","","98","","23","","6","","32.2","","100.85","","","","","","Clear"
"2012-03-19 02:00","2012","03","19","02:00","6.9","","6.7","","99","","23","","4","","32.2","","100.88","","","","","","Clear"
"2012-03-19 03:00","2012","03","19","03:00","6.9","","6.8","","99","","27","","6","","24.1","","100.90","","","","","","Clear"
"2012-03-19 04:00","2012","03","19","04:00","8.9","","8.7","","99","","24","","6","","12.9","","100.94","","","","","","Clear"
"2012-03-19 05:00","2012","03","19","05:00","6.2","","5.9","","98","","1","","11","","0.2","","101.00","","","","","","Fog"
"2012-03-19 06:00","2012","03","19","06:00","4.8","","4.7","","99","","2","","9","","9.7","","101.05","","","","","","Fog"
"2012-03-19 07:00","2012","03","19","07:00","5.0","","4.9","","99","","25","","7","","9.7","","101.07","","","","","","Fog"
"2012-03-19 08:00","2012","03","19","08:00","9.7","","7.6","","87","","4","","6","","24.1","","101.15","","","","","","Mainly Clear"
"2012-03-19 09:00","2012","03","19","09:00","11.4","","7.9","","79","","2","","9","","24.1","","101.19","","","","","","Mainly Clear"
"2012-03-19 10:00","2012","03","19","10:00","13.6","","9.2","","75","","5","","11","","24.1","","101.21","","","","","","Mainly Clear"
"2012-03-19 11:00","2012","03","19","11:00","15.3","","10.0","","71","","4","","11","","24.1","","101.22","","","","","","Mainly Clear"
"2012-03-19 12:00","2012","03","19","12:00","13.9","","9.7","","76","","3","","9","","40.2","","101.26","","","","","","Mostly Cloudy"
"2012-03-19 13:00","2012","03","19","13:00","13.2","","9.0","","76","","5","","11","","24.1","","101.25","","","","","","Mostly Cloudy"
"2012-03-19 14:00","2012","03","19","14:00","13.3","","8.5","","73","","5","","17","","24.1","","101.22","","","","","","Mostly Cloudy"
"2012-03-19 15:00","2012","03","19","15:00","14.1","","8.7","","70","","6","","11","","24.1","","101.18","","","","","","Mainly Clear"
"2012-03-19 16:00","2012","03","19","16:00","14.3","","8.9","","70","","4","","11","","24.1","","101.14","","","","","","Mainly Clear"
"2012-03-19 17:00","2012","03","19","17:00","13.3","","7.8","","69","","5","","11","","24.1","","101.14","","","","","","Mainly Clear"
"2012-03-19 18:00","2012","03","19","18:00","10.7","","6.0","","73","","6","","9","","24.1","","101.17","","","","","","Mainly Clear"
"2012-03-19 19:00","2012","03","19","19:00","9.2","","5.0","","75","","3","","6","","24.1","","101.24","","","","","","Mainly Clear"
"2012-03-19 20:00","2012","03","19","20:00","8.3","","2.8","","68","","3","","7","","40.2","","101.28","","","","","","Mainly Clear"
"2012-03-19 21:00","2012","03","19","21:00","7.4","","3.2","","75","","4","","6","","40.2","","101.32","","","","","","Mainly Clear"
"2012-03-19 22:00","2012","03","19","22:00","6.7","","1.6","","70","","4","","7","","40.2","","101.32","","","","","","Clear"
"2012-03-19 23:00","2012","03","19","23:00","6.1","","1.6","","73","","3","","6","","40.2","","101.33","","","","","","Clear"
"2012-03-20 00:00","2012","03","20","00:00","5.2","","1.5","","77","","7","","7","","40.2","","101.34","","","","","","Clear"
"2012-03-20 01:00","2012","03","20","01:00","5.7","","1.4","","74","","4","","7","","40.2","","101.34","","","","","","Clear"
"2012-03-20 02:00","2012","03","20","02:00","4.7","","1.6","","80","","3","","7","","40.2","","101.35","","","","","","Mainly Clear"
"2012-03-20 03:00","2012","03","20","03:00","3.3","","1.7","","89","","5","","7","","40.2","","101.34","","","","","","Clear"
"2012-03-20 04:00","2012","03","20","04:00","4.0","","2.4","","89","","5","","6","","40.2","","101.35","","","","","","Clear"
"2012-03-20 05:00","2012","03","20","05:00","3.1","","1.6","","90","","6","","4","","40.2","","101.39","","","","","","Mainly Clear"
"2012-03-20 06:00","2012","03","20","06:00","2.3","","1.0","","91","","","","0","","16.1","","101.46","","","","","","Clear"
"2012-03-20 07:00","2012","03","20","07:00","3.3","","2.1","","92","","","","0","","12.9","","101.47","","","","","","Clear"
"2012-03-20 08:00","2012","03","20","08:00","6.9","","2.5","","74","","","","0","","16.1","","101.50","","","","","","Clear"
"2012-03-20 09:00","2012","03","20","09:00","9.7","","2.7","","62","","18","","6","","16.1","","101.52","","","","","","Clear"
"2012-03-20 10:00","2012","03","20","10:00","13.8","","6.3","","61","","22","","7","","24.1","","101.50","","","","","","Clear"
"2012-03-20 11:00","2012","03","20","11:00","15.0","","8.5","","65","","23","","9","","24.1","","101.47","","","","","","Clear"
"2012-03-20 12:00","2012","03","20","12:00","18.0","","11.4","","65","","23","","13","","24.1","","101.42","","","","","","Clear"
"2012-03-20 13:00","2012","03","20","13:00","19.7","","12.1","","62","","23","","11","","24.1","","101.35","","","","","","Clear"
"2012-03-20 14:00","2012","03","20","14:00","21.0","","12.4","","58","","24","","15","","24.1","","101.29","","","","","","Clear"
"2012-03-20 15:00","2012","03","20","15:00","22.1","","13.7","","59","","23","","11","","24.1","","101.24","","25","","","","Clear"
"2012-03-20 16:00","2012","03","20","16:00","22.7","","14.0","","58","","23","","13","","24.1","","101.20","","26","","","","Clear"
"2012-03-20 17:00","2012","03","20","17:00","22.6","","13.9","","58","","24","","9","","40.2","","101.18","","26","","","","Clear"
"2012-03-20 18:00","2012","03","20","18:00","20.6","","13.7","","65","","26","","4","","40.2","","101.20","","","","","","Clear"
"2012-03-20 19:00","2012","03","20","19:00","17.9","","13.2","","74","","24","","4","","40.2","","101.25","","","","","","Clear"
"2012-03-20 20:00","2012","03","20","20:00","14.9","","12.8","","87","","17","","4","","40.2","","101.30","","","","","","Clear"
"2012-03-20 21:00","2012","03","20","21:00","13.5","","12.3","","92","","","","0","","40.2","","101.37","","","","","","Clear"
"2012-03-20 22:00","2012","03","20","22:00","11.4","","10.8","","96","","33","","6","","40.2","","101.38","","","","","","Clear"
"2012-03-20 23:00","2012","03","20","23:00","11.0","","10.8","","99","","","","0","","40.2","","101.37","","","","","","Clear"
"2012-03-21 00:00","2012","03","21","00:00","7.2","","7.0","","99","","29","","9","","40.2","","101.40","","","","","","Clear"
"2012-03-21 01:00","2012","03","21","01:00","7.8","","7.7","","99","","30","","4","","40.2","","101.39","","","","","","Clear"
"2012-03-21 02:00","2012","03","21","02:00","5.5","","5.3","","99","","","","0","","32.2","","101.40","","","","","","Clear"
"2012-03-21 03:00","2012","03","21","03:00","6.1","","6.0","","99","","","","0","","24.1","","101.43","","","","","","Clear"
"2012-03-21 04:00","2012","03","21","04:00","6.2","","6.2","","100","","","","0","","24.1","","101.44","","","","","","Clear"
"2012-03-21 05:00","2012","03","21","05:00","4.8","","4.6","","99","","26","","6","","24.1","","101.50","","","","","","Clear"
"2012-03-21 06:00","2012","03","21","06:00","8.1","","8.0","","99","","24","","4","","16.1","","101.52","","","","","","Clear"
"2012-03-21 07:00","2012","03","21","07:00","6.9","","6.9","","100","","","","0","","1.6","","101.56","","","","","","Fog"
"2012-03-21 08:00","2012","03","21","08:00","13.6","","12.4","","92","","21","","7","","9.7","","101.58","","","","","","Fog"
"2012-03-21 09:00","2012","03","21","09:00","16.5","","13.2","","81","","23","","15","","9.7","","101.56","","","","","","Fog"
"2012-03-21 10:00","2012","03","21","10:00","18.4","","13.8","","75","","23","","15","","16.1","","101.52","","","","","","Clear"
"2012-03-21 11:00","2012","03","21","11:00","20.1","","14.1","","68","","23","","15","","16.1","","101.44","","","","","","Clear"
"2012-03-21 12:00","2012","03","21","12:00","22.3","","14.7","","62","","24","","13","","24.1","","101.37","","26","","","","Clear"
"2012-03-21 13:00","2012","03","21","13:00","23.5","","14.6","","57","","25","","15","","32.2","","101.30","","27","","","","Clear"
"2012-03-21 14:00","2012","03","21","14:00","24.5","","14.2","","53","","24","","17","","40.2","","101.21","","28","","","","Clear"
"2012-03-21 15:00","2012","03","21","15:00","25.5","","12.8","","45","","26","","19","","40.2","","101.18","","28","","","","Clear"
"2012-03-21 16:00","2012","03","21","16:00","25.6","","12.9","","45","","26","","11","","40.2","","101.14","","28","","","","Clear"
"2012-03-21 17:00","2012","03","21","17:00","24.9","","12.9","","47","","26","","7","","40.2","","101.14","","28","","","","Clear"
"2012-03-21 18:00","2012","03","21","18:00","23.1","","12.1","","50","","23","","7","","40.2","","101.13","","25","","","","Clear"
"2012-03-21 19:00","2012","03","21","19:00","19.5","","12.1","","62","","26","","6","","40.2","","101.16","","","","","","Clear"
"2012-03-21 20:00","2012","03","21","20:00","17.3","","11.8","","70","","26","","4","","40.2","","101.15","","","","","","Clear"
"2012-03-21 21:00","2012","03","21","21:00","17.4","","11.0","","66","","25","","7","","40.2","","101.12","","","","","","Clear"
"2012-03-21 22:00","2012","03","21","22:00","14.2","","10.7","","79","","16","","6","","40.2","","101.12","","","","","","Clear"
"2012-03-21 23:00","2012","03","21","23:00","14.8","","10.4","","75","","23","","7","","40.2","","101.09","","","","","","Clear"
"2012-03-22 00:00","2012","03","22","00:00","14.3","","9.6","","73","","23","","7","","40.2","","101.07","","","","","","Clear"
"2012-03-22 01:00","2012","03","22","01:00","10.4","","8.5","","88","","26","","7","","40.2","","101.06","","","","","","Clear"
"2012-03-22 02:00","2012","03","22","02:00","12.4","","9.2","","81","","24","","9","","40.2","","101.04","","","","","","Clear"
"2012-03-22 03:00","2012","03","22","03:00","12.6","","9.3","","80","","25","","9","","40.2","","101.00","","","","","","Clear"
"2012-03-22 04:00","2012","03","22","04:00","12.3","","9.3","","82","","25","","9","","40.2","","100.99","","","","","","Clear"
"2012-03-22 05:00","2012","03","22","05:00","12.1","","9.5","","84","","24","","11","","40.2","","101.02","","","","","","Clear"
"2012-03-22 06:00","2012","03","22","06:00","11.8","","9.5","","86","","25","","9","","40.2","","101.00","","","","","","Mostly Cloudy"
"2012-03-22 07:00","2012","03","22","07:00","12.6","","9.9","","84","","26","","15","","32.2","","101.00","","","","","","Mostly Cloudy"
"2012-03-22 08:00","2012","03","22","08:00","13.5","","10.3","","81","","24","","17","","32.2","","100.99","","","","","","Mostly Cloudy"
"2012-03-22 09:00","2012","03","22","09:00","15.8","","11.3","","75","","24","","13","","40.2","","100.99","","","","","","Mainly Clear"
"2012-03-22 10:00","2012","03","22","10:00","18.3","","12.1","","67","","24","","17","","40.2","","100.99","","","","","","Mainly Clear"
"2012-03-22 11:00","2012","03","22","11:00","20.0","","12.7","","63","","25","","17","","32.2","","100.97","","","","","","Mostly Cloudy"
"2012-03-22 12:00","2012","03","22","12:00","22.5","","13.1","","55","","24","","13","","40.2","","100.94","","25","","","","Mostly Cloudy"
"2012-03-22 13:00","2012","03","22","13:00","23.8","","12.5","","49","","35","","20","","40.2","","100.93","","26","","","","Mostly Cloudy"
"2012-03-22 14:00","2012","03","22","14:00","21.7","","12.2","","55","","32","","7","","40.2","","100.90","","","","","","Cloudy"
"2012-03-22 15:00","2012","03","22","15:00","21.9","","12.2","","54","","29","","9","","32.2","","100.83","","","","","","Mostly Cloudy"
"2012-03-22 16:00","2012","03","22","16:00","20.8","","11.7","","56","","31","","19","","40.2","","100.86","","","","","","Mostly Cloudy"
"2012-03-22 17:00","2012","03","22","17:00","18.9","","11.0","","60","","32","","13","","40.2","","100.91","","","","","","Mostly Cloudy"
"2012-03-22 18:00","2012","03","22","18:00","17.4","","8.9","","57","","34","","17","","40.2","","101.00","","","","","","Mostly Cloudy"
"2012-03-22 19:00","2012","03","22","19:00","16.6","","8.2","","58","","31","","7","","40.2","","101.02","","","","","","Cloudy"
"2012-03-22 20:00","2012","03","22","20:00","13.9","","7.8","","67","","","","0","","40.2","","101.07","","","","","","Mainly Clear"
"2012-03-22 21:00","2012","03","22","21:00","13.6","","8.2","","70","","27","","7","","40.2","","101.08","","","","","","Mostly Cloudy"
"2012-03-22 22:00","2012","03","22","22:00","12.4","","8.5","","77","","27","","7","","40.2","","101.09","","","","","","Mostly Cloudy"
"2012-03-22 23:00","2012","03","22","23:00","10.6","","8.1","","85","","27","","7","","40.2","","101.11","","","","","","Mainly Clear"
"2012-03-23 00:00","2012","03","23","00:00","8.2","","6.8","","91","","25","","7","","40.2","","101.14","","","","","","Mainly Clear"
"2012-03-23 01:00","2012","03","23","01:00","9.8","","7.9","","88","","27","","11","","40.2","","101.19","","","","","","Mostly Cloudy"
"2012-03-23 02:00","2012","03","23","02:00","9.2","","7.3","","88","","26","","9","","40.2","","101.20","","","","","","Mostly Cloudy"
"2012-03-23 03:00","2012","03","23","03:00","8.5","","6.8","","89","","26","","9","","40.2","","101.20","","","","","","Mainly Clear"
"2012-03-23 04:00","2012","03","23","04:00","5.3","","4.7","","96","","2","","6","","40.2","","101.26","","","","","","Mainly Clear"
"2012-03-23 05:00","2012","03","23","05:00","5.2","","3.9","","91","","36","","6","","40.2","","101.34","","","","","","Mainly Clear"
"2012-03-23 06:00","2012","03","23","06:00","4.4","","3.1","","91","","1","","6","","72.4","","101.37","","","","","","Clear"
"2012-03-23 07:00","2012","03","23","07:00","5.1","","3.8","","91","","21","","4","","32.2","","101.39","","","","","","Clear"
"2012-03-23 08:00","2012","03","23","08:00","9.2","","3.7","","68","","26","","7","","32.2","","101.39","","","","","","Clear"
"2012-03-23 09:00","2012","03","23","09:00","13.4","","-4.9","","28","","32","","17","","40.2","","101.40","","","","","","Clear"
"2012-03-23 10:00","2012","03","23","10:00","14.1","","-3.9","","28","","6","","9","","64.4","","101.37","","","","","","Clear"
"2012-03-23 11:00","2012","03","23","11:00","14.8","","-4.1","","27","","","","0","","72.4","","101.30","","","","","","Clear"
"2012-03-23 12:00","2012","03","23","12:00","16.4","","-8.8","","17","","1","","20","","72.4","","101.25","","","","","","Mainly Clear"
"2012-03-23 13:00","2012","03","23","13:00","16.2","","-10.2","","15","","35","","19","","72.4","","101.18","","","","","","Mainly Clear"
"2012-03-23 14:00","2012","03","23","14:00","16.3","","-7.5","","19","","31","","15","","72.4","","101.13","","","","","","Mostly Cloudy"
"2012-03-23 15:00","2012","03","23","15:00","15.8","","-9.0","","17","","29","","15","","72.4","","101.11","","","","","","Mostly Cloudy"
"2012-03-23 16:00","2012","03","23","16:00","15.1","","-7.5","","20","","31","","15","","72.4","","101.08","","","","","","Mostly Cloudy"
"2012-03-23 17:00","2012","03","23","17:00","14.4","","-9.3","","18","","32","","13","","72.4","","101.11","","","","","","Mostly Cloudy"
"2012-03-23 18:00","2012","03","23","18:00","13.2","","-7.7","","23","","30","","7","","72.4","","101.14","","","","","","Mostly Cloudy"
"2012-03-23 19:00","2012","03","23","19:00","12.0","","-7.7","","24","","31","","6","","40.2","","101.18","","","","","","Mostly Cloudy"
"2012-03-23 20:00","2012","03","23","20:00","10.6","","-6.9","","29","","35","","6","","40.2","","101.19","","","","","","Mostly Cloudy"
"2012-03-23 21:00","2012","03","23","21:00","10.1","","-8.1","","27","","36","","9","","40.2","","101.20","","","","","","Mostly Cloudy"
"2012-03-23 22:00","2012","03","23","22:00","9.8","","-9.4","","25","","35","","9","","40.2","","101.22","","","","","","Mostly Cloudy"
"2012-03-23 23:00","2012","03","23","23:00","8.9","","-8.0","","29","","2","","9","","40.2","","101.24","","","","","","Mostly Cloudy"
"2012-03-24 00:00","2012","03","24","00:00","6.3","","-7.2","","37","","5","","7","","40.2","","101.26","","","","","","Mostly Cloudy"
"2012-03-24 01:00","2012","03","24","01:00","5.4","","-6.7","","41","","6","","11","","40.2","","101.30","","","","","","Mostly Cloudy"
"2012-03-24 02:00","2012","03","24","02:00","3.9","","-7.8","","42","","5","","15","","40.2","","101.31","","","","","","Mostly Cloudy"
"2012-03-24 03:00","2012","03","24","03:00","3.7","","-8.3","","41","","7","","13","","40.2","","101.32","","","","","","Mostly Cloudy"
"2012-03-24 04:00","2012","03","24","04:00","3.3","","-9.0","","40","","6","","9","","40.2","","101.33","","","","","","Mostly Cloudy"
"2012-03-24 05:00","2012","03","24","05:00","2.6","","-8.5","","44","","8","","17","","40.2","","101.34","","","","","","Cloudy"
"2012-03-24 06:00","2012","03","24","06:00","2.3","","-9.1","","43","","7","","13","","40.2","","101.40","","","","","","Cloudy"
"2012-03-24 07:00","2012","03","24","07:00","2.2","","-9.3","","42","","6","","13","","72.4","","101.40","","","","","","Cloudy"
"2012-03-24 08:00","2012","03","24","08:00","2.2","","-8.9","","44","","7","","11","","72.4","","101.42","","","","","","Cloudy"
"2012-03-24 09:00","2012","03","24","09:00","3.0","","-9.4","","40","","6","","19","","72.4","","101.37","","","","","","Cloudy"
"2012-03-24 10:00","2012","03","24","10:00","3.7","","-10.9","","33","","6","","19","","72.4","","101.33","","","","","","Cloudy"
"2012-03-24 11:00","2012","03","24","11:00","3.9","","-10.0","","35","","7","","20","","72.4","","101.29","","","","","","Cloudy"
"2012-03-24 12:00","2012","03","24","12:00","4.7","","-10.9","","31","","8","","19","","72.4","","101.22","","","","","","Cloudy"
"2012-03-24 13:00","2012","03","24","13:00","4.8","","-10.0","","33","","7","","11","","72.4","","101.18","","","","","","Cloudy"
"2012-03-24 14:00","2012","03","24","14:00","4.8","","-10.6","","32","","8","","6","","72.4","","101.12","","","","","","Cloudy"
"2012-03-24 15:00","2012","03","24","15:00","5.3","","-10.4","","31","","4","","7","","72.4","","101.08","","","","","","Cloudy"
"2012-03-24 16:00","2012","03","24","16:00","5.1","","-10.8","","31","","5","","9","","72.4","","101.00","","","","","","Cloudy"
"2012-03-24 17:00","2012","03","24","17:00","5.2","","-9.2","","34","","6","","7","","72.4","","100.96","","","","","","Cloudy"
"2012-03-24 18:00","2012","03","24","18:00","4.7","","-7.5","","41","","5","","7","","40.2","","100.91","","","","","","Cloudy"
"2012-03-24 19:00","2012","03","24","19:00","4.5","","-7.0","","43","","4","","9","","40.2","","100.84","","","","","","Cloudy"
"2012-03-24 20:00","2012","03","24","20:00","4.4","","-6.3","","46","","5","","7","","40.2","","100.82","","","","","","Cloudy"
"2012-03-24 21:00","2012","03","24","21:00","4.1","","-6.7","","45","","7","","6","","40.2","","100.75","","","","","","Cloudy"
"2012-03-24 22:00","2012","03","24","22:00","4.1","","-6.0","","48","","5","","6","","40.2","","100.71","","","","","","Cloudy"
"2012-03-24 23:00","2012","03","24","23:00","3.8","","-4.7","","54","","5","","7","","40.2","","100.61","","","","","","Cloudy"
"2012-03-25 00:00","2012","03","25","00:00","4.0","","-5.6","","50","","4","","9","","40.2","","100.54","","","","","","Cloudy"
"2012-03-25 01:00","2012","03","25","01:00","4.1","","-7.1","","44","","6","","11","","40.2","","100.50","","","","","","Cloudy"
"2012-03-25 02:00","2012","03","25","02:00","4.0","","-6.3","","47","","4","","7","","40.2","","100.41","","","","","","Cloudy"
"2012-03-25 03:00","2012","03","25","03:00","2.7","","-2.3","","70","","2","","7","","32.2","","100.33","","","","","","Rain Showers"
"2012-03-25 04:00","2012","03","25","04:00","2.6","","-2.1","","71","","5","","7","","32.2","","100.26","","","","","","Rain Showers"
"2012-03-25 05:00","2012","03","25","05:00","1.5","","-1.1","","83","","2","","7","","24.1","","100.26","","","","","","Rain Showers"
"2012-03-25 06:00","2012","03","25","06:00","1.4","","-0.4","","88","","4","","6","","24.1","","100.26","","","","","","Rain Showers"
"2012-03-25 07:00","2012","03","25","07:00","1.7","","-0.3","","87","","4","","7","","24.1","","100.24","","","","","","Rain Showers"
"2012-03-25 08:00","2012","03","25","08:00","2.0","","-0.6","","83","","2","","6","","40.2","","100.23","","","","","","Cloudy"
"2012-03-25 09:00","2012","03","25","09:00","2.5","","0.2","","85","","4","","4","","40.2","","100.18","","","","","","Cloudy"
"2012-03-25 10:00","2012","03","25","10:00","3.0","","0.2","","82","","","","0","","24.1","","100.12","","","","","","Cloudy"
"2012-03-25 11:00","2012","03","25","11:00","4.1","","1.1","","81","","18","","4","","19.3","","100.02","","","","","","Cloudy"
"2012-03-25 12:00","2012","03","25","12:00","4.4","","1.6","","82","","22","","4","","19.3","","100.00","","","","","","Cloudy"
"2012-03-25 13:00","2012","03","25","13:00","5.2","","2.6","","83","","21","","11","","12.9","","99.92","","","","","","Cloudy"
"2012-03-25 14:00","2012","03","25","14:00","5.8","","3.5","","85","","21","","15","","12.9","","99.80","","","","","","Cloudy"
"2012-03-25 15:00","2012","03","25","15:00","7.3","","4.5","","82","","22","","17","","12.9","","99.75","","","","","","Mostly Cloudy"
"2012-03-25 16:00","2012","03","25","16:00","8.3","","5.2","","81","","25","","13","","16.1","","99.71","","","","","","Cloudy"
"2012-03-25 17:00","2012","03","25","17:00","8.4","","4.9","","79","","24","","13","","16.1","","99.72","","","","","","Mostly Cloudy"
"2012-03-25 18:00","2012","03","25","18:00","8.0","","5.2","","82","","23","","9","","16.1","","99.70","","","","","","Mainly Clear"
"2012-03-25 19:00","2012","03","25","19:00","7.5","","5.1","","85","","22","","9","","16.1","","99.70","","","","","","Mainly Clear"
"2012-03-25 20:00","2012","03","25","20:00","6.6","","5.0","","90","","24","","6","","32.2","","99.67","","","","","","Mainly Clear"
"2012-03-25 21:00","2012","03","25","21:00","5.0","","4.4","","96","","23","","6","","40.2","","99.67","","","","","","Mainly Clear"
"2012-03-25 22:00","2012","03","25","22:00","3.9","","3.5","","97","","28","","7","","40.2","","99.64","","","","","","Mainly Clear"
"2012-03-25 23:00","2012","03","25","23:00","5.2","","3.7","","90","","29","","11","","40.2","","99.63","","","","","","Mainly Clear"
"2012-03-26 00:00","2012","03","26","00:00","5.4","","-2.0","","59","","32","","20","","40.2","","99.76","","","","","","Mainly Clear"
"2012-03-26 01:00","2012","03","26","01:00","2.3","","-4.0","","63","","31","","17","","40.2","","99.86","","","","","","Mainly Clear"
"2012-03-26 02:00","2012","03","26","02:00","0.7","","-8.3","","51","","33","","32","","40.2","","99.94","","","","","","Mostly Cloudy"
"2012-03-26 03:00","2012","03","26","03:00","-0.9","","-11.8","","43","","34","","35","","40.2","","100.06","","","","-8","","Mainly Clear"
"2012-03-26 04:00","2012","03","26","04:00","-2.4","","-11.7","","49","","32","","19","","40.2","","100.21","","","","-8","","Mainly Clear"
"2012-03-26 05:00","2012","03","26","05:00","-4.2","","-14.0","","46","","32","","33","","40.2","","100.42","","","","-12","","Mainly Clear"
"2012-03-26 06:00","2012","03","26","06:00","-4.9","","-13.3","","52","","31","","20","","64.4","","100.55","","","","-11","","Mainly Clear"
"2012-03-26 07:00","2012","03","26","07:00","-5.6","","-14.2","","51","","31","","24","","56.3","","100.68","","","","-13","","Mainly Clear"
"2012-03-26 08:00","2012","03","26","08:00","-4.4","","-14.1","","47","","35","","19","","56.3","","100.76","","","","-11","","Mainly Clear"
"2012-03-26 09:00","2012","03","26","09:00","-4.3","","-14.7","","44","","30","","19","","56.3","","100.80","","","","-10","","Mainly Clear"
"2012-03-26 10:00","2012","03","26","10:00","-2.9","","-13.8","","43","","29","","24","","56.3","","100.80","","","","-10","","Mainly Clear"
"2012-03-26 11:00","2012","03","26","11:00","-1.5","","-13.9","","38","","31","","20","","56.3","","100.77","","","","-7","","Clear"
"2012-03-26 12:00","2012","03","26","12:00","-1.0","","-15.2","","33","","31","","30","","72.4","","100.75","","","","-8","","Clear"
"2012-03-26 13:00","2012","03","26","13:00","-0.1","","-15.0","","32","","31","","28","","72.4","","100.75","","","","-6","","Clear"
"2012-03-26 14:00","2012","03","26","14:00","0.8","","-15.6","","28","","30","","26","","72.4","","100.74","","","","","","Clear"
"2012-03-26 15:00","2012","03","26","15:00","0.8","","-17.1","","25","","32","","30","","72.4","","100.75","","","","","","Clear"
"2012-03-26 16:00","2012","03","26","16:00","1.1","","-18.3","","22","","32","","39","","72.4","","100.75","","","","","","Clear"
"2012-03-26 17:00","2012","03","26","17:00","0.6","","-19.2","","21","","33","","35","","72.4","","100.85","","","","","","Clear"
"2012-03-26 18:00","2012","03","26","18:00","-0.6","","-20.3","","21","","32","","33","","72.4","","100.95","","","","-8","","Clear"
"2012-03-26 19:00","2012","03","26","19:00","-1.4","","-21.2","","20","","31","","22","","40.2","","101.09","","","","-7","","Clear"
"2012-03-26 20:00","2012","03","26","20:00","-2.5","","-20.5","","24","","35","","24","","40.2","","101.22","","","","-9","","Clear"
"2012-03-26 21:00","2012","03","26","21:00","-3.1","","-19.9","","26","","33","","28","","40.2","","101.29","","","","-10","","Clear"
"2012-03-26 22:00","2012","03","26","22:00","-3.9","","-19.4","","29","","33","","22","","40.2","","101.34","","","","-10","","Clear"
"2012-03-26 23:00","2012","03","26","23:00","-4.5","","-19.5","","30","","34","","20","","40.2","","101.38","","","","-11","","Clear"
"2012-03-27 00:00","2012","03","27","00:00","-5.1","","-19.4","","32","","34","","28","","40.2","","101.41","","","","-13","","Clear"
"2012-03-27 01:00","2012","03","27","01:00","-5.7","","-19.1","","34","","33","","20","","40.2","","101.45","","","","-12","","Clear"
"2012-03-27 02:00","2012","03","27","02:00","-6.2","","-19.0","","36","","29","","7","","40.2","","101.50","","","","-10","","Clear"
"2012-03-27 03:00","2012","03","27","03:00","-6.6","","-19.0","","37","","32","","19","","40.2","","101.54","","","","-13","","Clear"
"2012-03-27 04:00","2012","03","27","04:00","-7.6","","-18.4","","42","","30","","7","","40.2","","101.61","","","","-11","","Clear"
"2012-03-27 05:00","2012","03","27","05:00","-8.3","","-17.9","","46","","31","","9","","40.2","","101.69","","","","-13","","Clear"
"2012-03-27 06:00","2012","03","27","06:00","-8.6","","-18.0","","47","","33","","9","","40.2","","101.76","","","","-13","","Clear"
"2012-03-27 07:00","2012","03","27","07:00","-7.0","","-18.0","","41","","33","","11","","64.4","","101.80","","","","-12","","Clear"
"2012-03-27 08:00","2012","03","27","08:00","-5.6","","-19.6","","32","","33","","13","","72.4","","101.88","","","","-11","","Clear"
"2012-03-27 09:00","2012","03","27","09:00","-3.8","","-20.8","","25","","35","","13","","72.4","","101.87","","","","-9","","Clear"
"2012-03-27 10:00","2012","03","27","10:00","-1.4","","-19.1","","25","","22","","4","","72.4","","101.88","","","","-3","","Mainly Clear"
"2012-03-27 11:00","2012","03","27","11:00","-1.0","","-18.0","","26","","21","","13","","72.4","","101.78","","","","-5","","Clear"
"2012-03-27 12:00","2012","03","27","12:00","0.1","","-17.9","","24","","25","","6","","72.4","","101.73","","","","","","Mainly Clear"
"2012-03-27 13:00","2012","03","27","13:00","1.8","","-15.2","","27","","22","","17","","72.4","","101.60","","","","","","Mainly Clear"
"2012-03-27 14:00","2012","03","27","14:00","2.9","","-14.0","","28","","19","","6","","72.4","","101.46","","","","","","Mainly Clear"
"2012-03-27 15:00","2012","03","27","15:00","3.1","","-14.8","","25","","23","","13","","72.4","","101.40","","","","","","Mostly Cloudy"
"2012-03-27 16:00","2012","03","27","16:00","3.3","","-14.4","","26","","22","","17","","64.4","","101.35","","","","","","Mostly Cloudy"
"2012-03-27 17:00","2012","03","27","17:00","2.8","","-14.6","","26","","22","","15","","72.4","","101.26","","","","","","Cloudy"
"2012-03-27 18:00","2012","03","27","18:00","2.4","","-15.8","","25","","23","","13","","72.4","","101.21","","","","","","Mostly Cloudy"
"2012-03-27 19:00","2012","03","27","19:00","1.4","","-14.1","","30","","20","","9","","40.2","","101.16","","","","","","Cloudy"
"2012-03-27 20:00","2012","03","27","20:00","1.4","","-12.5","","35","","20","","7","","40.2","","101.12","","","","","","Cloudy"
"2012-03-27 21:00","2012","03","27","21:00","0.9","","-11.5","","39","","17","","9","","40.2","","101.05","","","","","","Cloudy"
"2012-03-27 22:00","2012","03","27","22:00","0.9","","-12.6","","36","","15","","13","","40.2","","100.82","","","","","","Cloudy"
"2012-03-27 23:00","2012","03","27","23:00","0.9","","-10.0","","44","","16","","13","","40.2","","100.88","","","","","","Cloudy"
"2012-03-28 00:00","2012","03","28","00:00","-1.9","","-4.2","","84","","21","","9","","4.8","","100.97","","","","-5","","Snow"
"2012-03-28 01:00","2012","03","28","01:00","-2.6","","-3.5","","94","","10","","9","","16.1","","100.84","","","","-6","","Snow"
"2012-03-28 02:00","2012","03","28","02:00","-2.7","","-3.7","","93","","10","","15","","3.2","","100.69","","","","-8","","Snow"
"2012-03-28 03:00","2012","03","28","03:00","-2.5","","-3.9","","90","","12","","13","","8.0","","100.51","","","","-7","","Snow"
"2012-03-28 04:00","2012","03","28","04:00","-2.1","","-4.0","","87","","12","","15","","24.1","","100.34","","","","-7","","Snow"
"2012-03-28 05:00","2012","03","28","05:00","-2.1","","-4.1","","86","","10","","13","","40.2","","100.17","","","","-7","","Cloudy"
"2012-03-28 06:00","2012","03","28","06:00","-1.8","","-4.1","","84","","7","","11","","40.2","","100.01","","","","-6","","Cloudy"
"2012-03-28 07:00","2012","03","28","07:00","-1.9","","-3.5","","89","","6","","11","","6.4","","99.84","","","","-6","","Snow,Ice Pellets"
"2012-03-28 08:00","2012","03","28","08:00","-1.6","","-2.6","","93","","6","","13","","12.9","","99.64","","","","-6","","Freezing Rain"
"2012-03-28 09:00","2012","03","28","09:00","-1.2","","-2.3","","92","","5","","15","","16.1","","99.59","","","","-6","","Freezing Rain,Ice Pellets"
"2012-03-28 10:00","2012","03","28","10:00","-0.8","","-2.1","","91","","5","","11","","24.1","","99.42","","","","-5","","Freezing Rain"
"2012-03-28 11:00","2012","03","28","11:00","-0.2","","-1.9","","88","","4","","15","","40.2","","99.28","","","","-5","","Ice Pellets"
"2012-03-28 12:00","2012","03","28","12:00","0.0","","-1.8","","88","","5","","15","","24.1","","99.14","","","","-4","","Cloudy"
"2012-03-28 13:00","2012","03","28","13:00","0.1","","-1.4","","90","","5","","13","","9.7","","99.00","","","","","","Rain,Ice Pellets,Fog"
"2012-03-28 14:00","2012","03","28","14:00","0.1","","-0.9","","93","","3","","11","","8.0","","98.98","","","","","","Rain,Fog"
"2012-03-28 15:00","2012","03","28","15:00","0.2","","-0.6","","94","","2","","7","","8.0","","98.96","","","","","","Rain,Fog"
"2012-03-28 16:00","2012","03","28","16:00","0.4","","-0.4","","94","","2","","15","","9.7","","99.00","","","","","","Rain,Fog"
"2012-03-28 17:00","2012","03","28","17:00","0.5","","-0.4","","94","","3","","11","","8.0","","99.06","","","","","","Rain,Fog"
"2012-03-28 18:00","2012","03","28","18:00","0.6","","-0.3","","94","","2","","9","","8.0","","99.16","","","","","","Drizzle,Fog"
"2012-03-28 19:00","2012","03","28","19:00","0.6","","-0.3","","94","","35","","11","","12.9","","99.24","","","","","","Cloudy"
"2012-03-28 20:00","2012","03","28","20:00","0.8","","-0.3","","92","","1","","6","","16.1","","99.34","","","","","","Cloudy"
"2012-03-28 21:00","2012","03","28","21:00","0.7","","-0.1","","94","","34","","6","","16.1","","99.38","","","","","","Cloudy"
"2012-03-28 22:00","2012","03","28","22:00","0.6","","-0.2","","94","","34","","4","","16.1","","99.43","","","","","","Cloudy"
"2012-03-28 23:00","2012","03","28","23:00","0.8","","-0.6","","90","","","","0","","24.1","","99.46","","","","","","Cloudy"
"2012-03-29 00:00","2012","03","29","00:00","0.3","","-0.4","","95","","12","","4","","24.1","","99.54","","","","","","Cloudy"
"2012-03-29 01:00","2012","03","29","01:00","0.3","","-1.0","","91","","3","","4","","24.1","","99.60","","","","","","Cloudy"
"2012-03-29 02:00","2012","03","29","02:00","0.1","","-1.3","","90","","4","","4","","24.1","","99.63","","","","","","Cloudy"
"2012-03-29 03:00","2012","03","29","03:00","0.0","","-1.2","","92","","2","","4","","24.1","","99.66","","","","-1","","Cloudy"
"2012-03-29 04:00","2012","03","29","04:00","-0.1","","-1.1","","93","","","","0","","24.1","","99.75","","","","","","Cloudy"
"2012-03-29 05:00","2012","03","29","05:00","-0.3","","-0.9","","96","","","","0","","24.1","","99.83","","","","","","Cloudy"
"2012-03-29 06:00","2012","03","29","06:00","0.0","","-0.9","","94","","32","","6","","24.1","","99.92","","","","-2","","Cloudy"
"2012-03-29 07:00","2012","03","29","07:00","0.4","","-1.3","","88","","29","","6","","24.1","","100.01","","","","","","Snow"
"2012-03-29 08:00","2012","03","29","08:00","1.5","","-1.7","","79","","32","","9","","19.3","","100.05","","","","","","Snow"
"2012-03-29 09:00","2012","03","29","09:00","2.9","","-1.7","","72","","34","","13","","32.2","","100.10","","","","","","Snow"
"2012-03-29 10:00","2012","03","29","10:00","3.4","","-2.7","","64","","33","","20","","40.2","","100.15","","","","","","Mostly Cloudy"
"2012-03-29 11:00","2012","03","29","11:00","3.5","","-2.8","","63","","32","","20","","56.3","","100.17","","","","","","Mostly Cloudy"
"2012-03-29 12:00","2012","03","29","12:00","4.2","","-2.3","","63","","36","","15","","72.4","","100.16","","","","","","Cloudy"
"2012-03-29 13:00","2012","03","29","13:00","3.9","","-3.4","","59","","33","","13","","72.4","","100.20","","","","","","Mostly Cloudy"
"2012-03-29 14:00","2012","03","29","14:00","3.5","","-4.1","","57","","31","","19","","72.4","","100.26","","","","","","Cloudy"
"2012-03-29 15:00","2012","03","29","15:00","3.5","","-4.2","","57","","32","","22","","72.4","","100.30","","","","","","Cloudy"
"2012-03-29 16:00","2012","03","29","16:00","3.5","","-3.9","","58","","32","","9","","72.4","","100.34","","","","","","Mostly Cloudy"
"2012-03-29 17:00","2012","03","29","17:00","4.3","","-5.5","","49","","33","","30","","72.4","","100.37","","","","","","Mostly Cloudy"
"2012-03-29 18:00","2012","03","29","18:00","2.8","","-5.9","","53","","30","","19","","72.4","","100.46","","","","","","Mostly Cloudy"
"2012-03-29 19:00","2012","03","29","19:00","2.0","","-5.9","","56","","31","","17","","40.2","","100.52","","","","","","Mostly Cloudy"
"2012-03-29 20:00","2012","03","29","20:00","1.4","","-5.7","","59","","32","","19","","40.2","","100.55","","","","","","Cloudy"
"2012-03-29 21:00","2012","03","29","21:00","1.2","","-8.0","","50","","31","","22","","40.2","","100.61","","","","","","Cloudy"
"2012-03-29 22:00","2012","03","29","22:00","0.5","","-8.4","","51","","31","","19","","40.2","","100.62","","","","","","Cloudy"
"2012-03-29 23:00","2012","03","29","23:00","-0.1","","-8.7","","52","","31","","11","","40.2","","100.66","","","","-4","","Cloudy"
"2012-03-30 00:00","2012","03","30","00:00","-0.9","","-9.0","","54","","31","","7","","40.2","","100.66","","","","-3","","Mostly Cloudy"
"2012-03-30 01:00","2012","03","30","01:00","-2.3","","-9.9","","56","","29","","11","","40.2","","100.69","","","","-6","","Mainly Clear"
"2012-03-30 02:00","2012","03","30","02:00","-3.7","","-10.3","","60","","33","","13","","40.2","","100.70","","","","-9","","Mainly Clear"
"2012-03-30 03:00","2012","03","30","03:00","-4.0","","-10.6","","60","","31","","9","","40.2","","100.75","","","","-8","","Mainly Clear"
"2012-03-30 04:00","2012","03","30","04:00","-4.6","","-10.6","","63","","31","","9","","40.2","","100.78","","","","-8","","Mainly Clear"
"2012-03-30 05:00","2012","03","30","05:00","-5.3","","-11.4","","62","","30","","9","","40.2","","100.80","","","","-9","","Clear"
"2012-03-30 06:00","2012","03","30","06:00","-5.9","","-11.8","","63","","31","","15","","40.2","","100.85","","","","-12","","Clear"
"2012-03-30 07:00","2012","03","30","07:00","-5.2","","-11.7","","60","","31","","15","","72.4","","101.00","","","","-11","","Clear"
"2012-03-30 08:00","2012","03","30","08:00","-3.6","","-11.0","","56","","33","","15","","72.4","","101.01","","","","-9","","Clear"
"2012-03-30 09:00","2012","03","30","09:00","-2.2","","-10.2","","54","","30","","4","","72.4","","101.07","","","","-4","","Clear"
"2012-03-30 10:00","2012","03","30","10:00","-0.3","","-10.1","","48","","36","","9","","72.4","","101.04","","","","-3","","Clear"
"2012-03-30 11:00","2012","03","30","11:00","1.6","","-9.9","","42","","34","","11","","72.4","","100.98","","","","","","Mainly Clear"
"2012-03-30 12:00","2012","03","30","12:00","3.1","","-10.2","","37","","36","","4","","72.4","","100.90","","","","","","Mainly Clear"
"2012-03-30 13:00","2012","03","30","13:00","4.4","","-10.1","","34","","36","","11","","72.4","","100.76","","","","","","Mainly Clear"
"2012-03-30 14:00","2012","03","30","14:00","4.7","","-10.2","","33","","5","","7","","72.4","","100.67","","","","","","Mostly Cloudy"
"2012-03-30 15:00","2012","03","30","15:00","5.3","","-10.3","","31","","4","","11","","72.4","","100.66","","","","","","Mostly Cloudy"
"2012-03-30 16:00","2012","03","30","16:00","5.1","","-10.9","","30","","6","","6","","72.4","","100.67","","","","","","Mainly Clear"
"2012-03-30 17:00","2012","03","30","17:00","5.1","","-9.8","","33","","12","","7","","72.4","","100.65","","","","","","Mostly Cloudy"
"2012-03-30 18:00","2012","03","30","18:00","3.1","","-9.1","","40","","22","","13","","72.4","","100.70","","","","","","Mostly Cloudy"
"2012-03-30 19:00","2012","03","30","19:00","2.0","","-9.5","","42","","26","","6","","40.2","","100.72","","","","","","Mostly Cloudy"
"2012-03-30 20:00","2012","03","30","20:00","0.5","","-8.9","","49","","32","","11","","40.2","","100.76","","","","","","Mostly Cloudy"
"2012-03-30 21:00","2012","03","30","21:00","0.5","","-8.5","","51","","36","","9","","40.2","","100.77","","","","","","Mostly Cloudy"
"2012-03-30 22:00","2012","03","30","22:00","-0.5","","-8.4","","55","","3","","4","","40.2","","100.77","","","","-2","","Mainly Clear"
"2012-03-30 23:00","2012","03","30","23:00","-1.9","","-8.7","","60","","1","","4","","40.2","","100.81","","","","-3","","Mostly Cloudy"
"2012-03-31 00:00","2012","03","31","00:00","-1.8","","-8.8","","59","","3","","4","","40.2","","100.79","","","","-3","","Mostly Cloudy"
"2012-03-31 01:00","2012","03","31","01:00","-2.5","","-8.9","","61","","3","","4","","40.2","","100.78","","","","-4","","Mostly Cloudy"
"2012-03-31 02:00","2012","03","31","02:00","-1.9","","-8.8","","59","","2","","4","","40.2","","100.77","","","","-3","","Mostly Cloudy"
"2012-03-31 03:00","2012","03","31","03:00","-2.3","","-8.9","","60","","3","","6","","40.2","","100.75","","","","-5","","Cloudy"
"2012-03-31 04:00","2012","03","31","04:00","-3.1","","-9.1","","63","","5","","7","","40.2","","100.80","","","","-6","","Cloudy"
"2012-03-31 05:00","2012","03","31","05:00","-3.1","","-9.6","","61","","","","0","","40.2","","100.80","","","","","","Mostly Cloudy"
"2012-03-31 06:00","2012","03","31","06:00","-2.7","","-9.3","","60","","4","","6","","72.4","","100.79","","","","-5","","Mostly Cloudy"
"2012-03-31 07:00","2012","03","31","07:00","-1.9","","-8.8","","59","","4","","7","","72.4","","100.81","","","","-5","","Mostly Cloudy"
"2012-03-31 08:00","2012","03","31","08:00","-0.2","","-8.9","","52","","5","","11","","72.4","","100.81","","","","-4","","Mostly Cloudy"
"2012-03-31 09:00","2012","03","31","09:00","1.5","","-8.8","","46","","7","","15","","72.4","","100.80","","","","","","Mostly Cloudy"
"2012-03-31 10:00","2012","03","31","10:00","3.0","","-8.4","","43","","6","","11","","72.4","","100.75","","","","","","Mainly Clear"
"2012-03-31 11:00","2012","03","31","11:00","4.0","","-9.0","","38","","8","","17","","72.4","","100.69","","","","","","Clear"
"2012-03-31 12:00","2012","03","31","12:00","5.4","","-9.2","","34","","5","","11","","72.4","","100.62","","","","","","Clear"
"2012-03-31 13:00","2012","03","31","13:00","6.4","","-9.9","","30","","7","","11","","72.4","","100.54","","","","","","Clear"
"2012-03-31 14:00","2012","03","31","14:00","7.1","","-9.6","","29","","3","","4","","72.4","","100.45","","","","","","Clear"
"2012-03-31 15:00","2012","03","31","15:00","7.3","","-9.6","","29","","15","","4","","72.4","","100.38","","","","","","Clear"
"2012-03-31 16:00","2012","03","31","16:00","7.6","","-9.0","","30","","17","","4","","72.4","","100.33","","","","","","Clear"
"2012-03-31 17:00","2012","03","31","17:00","7.7","","-9.1","","29","","8","","9","","72.4","","100.32","","","","","","Mainly Clear"
"2012-03-31 18:00","2012","03","31","18:00","6.0","","-9.7","","31","","16","","11","","72.4","","100.31","","","","","","Clear"
"2012-03-31 19:00","2012","03","31","19:00","4.1","","-9.9","","35","","23","","4","","40.2","","100.34","","","","","","Clear"
"2012-03-31 20:00","2012","03","31","20:00","2.2","","-9.5","","42","","","","0","","40.2","","100.33","","","","","","Clear"
"2012-03-31 21:00","2012","03","31","21:00","1.1","","-8.6","","48","","","","0","","40.2","","100.32","","","","","","Clear"
"2012-03-31 22:00","2012","03","31","22:00","-0.9","","-8.6","","56","","21","","4","","40.2","","100.31","","","","-2","","Clear"
"2012-03-31 23:00","2012","03","31","23:00","-0.4","","-8.2","","56","","","","0","","40.2","","100.27","","","","","","Clear"
